"version","level","scale","gender","age_group","raw","T","T_int_lo","T_int_hi","pctl_med","extrapolation"
"bf","domain","antagonism","all","all",0,40.2,40,52.2,0.1624,0
"bf","domain","antagonism","all","all",0.2,47,41.7,57.9,0.3823,0
"bf","domain","antagonism","all","all",0.4,52.2,43.6,61.5,0.5869,0
"bf","domain","antagonism","all","all",0.6,56.6,45.9,64.8,0.7469,0
"bf","domain","antagonism","all","all",0.8,60.8,48.4,67.8,0.8607,0
"bf","domain","antagonism","all","all",1,64.8,50.8,70.6,0.9307,0
"bf","domain","antagonism","all","all",1.2,68.6,53.3,73.2,0.9688,0
"bf","domain","antagonism","all","all",1.4,72.1,55.8,75.8,0.9866,0
"bf","domain","antagonism","all","all",1.6,75.3,58.6,78.1,0.9944,0
"bf","domain","antagonism","all","all",1.8,78.1,61.5,80.4,0.9976,1
"bf","domain","antagonism","all","all",2,80.6,64.3,82.8,0.9989,1
"bf","domain","antagonism","all","all",2.2,82.4,67.2,84.8,0.9994,1
"bf","domain","antagonism","all","all",2.4,87.2,70.4,86.7,1,1
"bf","domain","antagonism","all","all",2.6,87.2,74,87.2,1,1
"bf","domain","antagonism","all","all",2.8,87.2,77.8,87.2,1,1
"bf","domain","antagonism","all","all",3,87.2,81.3,87.2,1,1
"bf","domain","antagonism","f","[18,35)",0,39.7,39.2,51,0.1512,0
"bf","domain","antagonism","f","[18,35)",0.2,45.6,41.2,56.6,0.3296,0
"bf","domain","antagonism","f","[18,35)",0.4,50.5,42.9,60.1,0.5193,0
"bf","domain","antagonism","f","[18,35)",0.6,54.9,45.1,63.3,0.6869,0
"bf","domain","antagonism","f","[18,35)",0.8,59,47.4,66.3,0.815,0
"bf","domain","antagonism","f","[18,35)",1,62.8,49.7,69,0.8999,0
"bf","domain","antagonism","f","[18,35)",1.2,66.4,52.1,71.5,0.9498,0
"bf","domain","antagonism","f","[18,35)",1.4,69.8,54.7,74.1,0.9761,0
"bf","domain","antagonism","f","[18,35)",1.6,73.3,57.5,76.5,0.9902,0
"bf","domain","antagonism","f","[18,35)",1.8,77.2,60.4,78.9,0.9967,1
"bf","domain","antagonism","f","[18,35)",2,87.2,63.2,81.4,1,1
"bf","domain","antagonism","f","[18,35)",2.2,87.2,65.9,84,1,1
"bf","domain","antagonism","f","[18,35)",2.4,87.2,68.8,85.6,1,1
"bf","domain","antagonism","f","[18,35)",2.6,87.2,71.9,86.7,1,1
"bf","domain","antagonism","f","[18,35)",2.8,87.2,74.7,86.8,1,1
"bf","domain","antagonism","f","[18,35)",3,87.2,77,87,1,1
"bf","domain","antagonism","f","[35,50)",0,41.7,41.5,53,0.2033,0
"bf","domain","antagonism","f","[35,50)",0.2,48.4,43.2,58.8,0.4361,0
"bf","domain","antagonism","f","[35,50)",0.4,53.5,44.9,62.5,0.6353,0
"bf","domain","antagonism","f","[35,50)",0.6,57.8,47.1,65.9,0.7835,0
"bf","domain","antagonism","f","[35,50)",0.8,62.1,49.6,68.9,0.8867,0
"bf","domain","antagonism","f","[35,50)",1,66.3,51.9,71.8,0.9486,0
"bf","domain","antagonism","f","[35,50)",1.2,70.3,54.3,74.5,0.9789,0
"bf","domain","antagonism","f","[35,50)",1.4,74.1,56.7,77.2,0.9921,0
"bf","domain","antagonism","f","[35,50)",1.6,76.6,59.3,79.9,0.996,1
"bf","domain","antagonism","f","[35,50)",1.8,78.8,62.1,82.4,0.998,1
"bf","domain","antagonism","f","[35,50)",2,87.2,64.9,84.9,1,1
"bf","domain","antagonism","f","[35,50)",2.2,87.2,67.8,86.2,1,1
"bf","domain","antagonism","f","[35,50)",2.4,87.2,70.8,86.6,1,1
"bf","domain","antagonism","f","[35,50)",2.6,87.2,74,86.7,1,1
"bf","domain","antagonism","f","[35,50)",2.8,87.2,76.7,86.9,1,1
"bf","domain","antagonism","f","[35,50)",3,87.2,78.7,87,1,1
"bf","domain","antagonism","f","[50,65)",0,42,41.7,54.6,0.2114,0
"bf","domain","antagonism","f","[50,65)",0.2,49.8,43.6,60.7,0.4912,0
"bf","domain","antagonism","f","[50,65)",0.4,55.6,45.4,64.4,0.7117,0
"bf","domain","antagonism","f","[50,65)",0.6,60.4,47.7,67.8,0.8503,0
"bf","domain","antagonism","f","[50,65)",0.8,64.9,50.4,70.9,0.9319,0
"bf","domain","antagonism","f","[50,65)",1,69.1,52.7,73.9,0.972,0
"bf","domain","antagonism","f","[50,65)",1.2,73.2,55.3,76.8,0.9898,0
"bf","domain","antagonism","f","[50,65)",1.4,77.2,57.8,79.7,0.9968,1
"bf","domain","antagonism","f","[50,65)",1.6,80.3,60.6,82.8,0.9988,1
"bf","domain","antagonism","f","[50,65)",1.8,87.2,63.6,85.2,1,1
"bf","domain","antagonism","f","[50,65)",2,87.2,66.6,86.5,1,1
"bf","domain","antagonism","f","[50,65)",2.2,87.2,69.3,86.9,1,1
"bf","domain","antagonism","f","[50,65)",2.4,87.2,71.7,87.1,1,1
"bf","domain","antagonism","f","[50,65)",2.6,87.2,74,87.2,1,1
"bf","domain","antagonism","f","[50,65)",2.8,87.2,75.9,87.2,1,1
"bf","domain","antagonism","f","[50,65)",3,87.2,77.5,87.2,1,1
"bf","domain","antagonism","f","[65,Inf)",0,43,42.7,55.4,0.2416,0
"bf","domain","antagonism","f","[65,Inf)",0.2,50.9,44.6,61.8,0.536,0
"bf","domain","antagonism","f","[65,Inf)",0.4,56.9,46.3,65.6,0.7548,0
"bf","domain","antagonism","f","[65,Inf)",0.6,62,48.5,69,0.8844,0
"bf","domain","antagonism","f","[65,Inf)",0.8,66.6,51.2,72.2,0.952,0
"bf","domain","antagonism","f","[65,Inf)",1,71,53.5,75.1,0.9822,0
"bf","domain","antagonism","f","[65,Inf)",1.2,75.2,56,78,0.9941,0
"bf","domain","antagonism","f","[65,Inf)",1.4,79.5,58.5,80.9,0.9984,1
"bf","domain","antagonism","f","[65,Inf)",1.6,87.2,61.3,83.6,1,1
"bf","domain","antagonism","f","[65,Inf)",1.8,87.2,64.4,85.8,1,1
"bf","domain","antagonism","f","[65,Inf)",2,87.2,67.5,86.4,1,1
"bf","domain","antagonism","f","[65,Inf)",2.2,87.2,70.4,86.7,1,1
"bf","domain","antagonism","f","[65,Inf)",2.4,87.2,73,86.8,1,1
"bf","domain","antagonism","f","[65,Inf)",2.6,87.2,75.1,86.9,1,1
"bf","domain","antagonism","f","[65,Inf)",2.8,87.2,76.8,86.9,1,1
"bf","domain","antagonism","f","[65,Inf)",3,87.2,78.3,86.9,1,1
"bf","domain","antagonism","m","[18,35)",0,35.6,35.2,48.6,0.0743,0
"bf","domain","antagonism","m","[18,35)",0.2,41.8,37.4,54,0.2061,0
"bf","domain","antagonism","m","[18,35)",0.4,46.9,39.4,57.7,0.3786,0
"bf","domain","antagonism","m","[18,35)",0.6,51.4,42,61.1,0.5559,0
"bf","domain","antagonism","m","[18,35)",0.8,55.7,44.4,64.1,0.7141,0
"bf","domain","antagonism","m","[18,35)",1,59.8,47,66.8,0.8376,0
"bf","domain","antagonism","m","[18,35)",1.2,63.8,49.4,69.3,0.9156,0
"bf","domain","antagonism","m","[18,35)",1.4,67.4,52.1,71.6,0.9593,0
"bf","domain","antagonism","m","[18,35)",1.6,70.6,54.8,73.9,0.9803,0
"bf","domain","antagonism","m","[18,35)",1.8,73.2,57.7,76.1,0.9899,0
"bf","domain","antagonism","m","[18,35)",2,75.7,60.6,78.4,0.995,0
"bf","domain","antagonism","m","[18,35)",2.2,75.7,63.7,80.4,0.995,0
"bf","domain","antagonism","m","[18,35)",2.4,87.2,67,83.6,1,1
"bf","domain","antagonism","m","[18,35)",2.6,87.2,70.7,85.8,1,1
"bf","domain","antagonism","m","[18,35)",2.8,87.2,73.8,86.3,1,1
"bf","domain","antagonism","m","[18,35)",3,87.2,76.3,86.5,1,1
"bf","domain","antagonism","m","[35,50)",0,37.5,37.3,50.6,0.1057,0
"bf","domain","antagonism","m","[35,50)",0.2,44.1,39.2,56.2,0.2788,0
"bf","domain","antagonism","m","[35,50)",0.4,49.5,41.3,59.9,0.4783,0
"bf","domain","antagonism","m","[35,50)",0.6,54.2,43.8,63.4,0.6637,0
"bf","domain","antagonism","m","[35,50)",0.8,58.7,46.2,66.6,0.8068,0
"bf","domain","antagonism","m","[35,50)",1,62.9,48.7,69.6,0.901,0
"bf","domain","antagonism","m","[35,50)",1.2,67,51.2,72.5,0.9557,0
"bf","domain","antagonism","m","[35,50)",1.4,71.3,53.8,75.5,0.9835,0
"bf","domain","antagonism","m","[35,50)",1.6,75.3,56.6,78.2,0.9943,0
"bf","domain","antagonism","m","[35,50)",1.8,79.9,59.5,81.2,0.9986,1
"bf","domain","antagonism","m","[35,50)",2,87.2,62.2,83.8,1,1
"bf","domain","antagonism","m","[35,50)",2.2,87.2,64.7,85.4,1,1
"bf","domain","antagonism","m","[35,50)",2.4,87.2,67.3,86.1,1,1
"bf","domain","antagonism","m","[35,50)",2.6,87.2,69.9,86.7,1,1
"bf","domain","antagonism","m","[35,50)",2.8,87.2,72.4,86.9,1,1
"bf","domain","antagonism","m","[35,50)",3,87.2,74.4,87,1,1
"bf","domain","antagonism","m","[50,65)",0,38.5,38.2,51.8,0.1241,0
"bf","domain","antagonism","m","[50,65)",0.2,45.9,40.2,57.4,0.3393,0
"bf","domain","antagonism","m","[50,65)",0.4,51.3,42.2,61.2,0.5516,0
"bf","domain","antagonism","m","[50,65)",0.6,55.9,44.8,64.7,0.7212,0
"bf","domain","antagonism","m","[50,65)",0.8,60.2,47.4,67.9,0.8471,0
"bf","domain","antagonism","m","[50,65)",1,64.7,49.9,70.7,0.9295,0
"bf","domain","antagonism","m","[50,65)",1.2,69.1,52.5,73.6,0.9716,0
"bf","domain","antagonism","m","[50,65)",1.4,73.1,55,76.4,0.9896,0
"bf","domain","antagonism","m","[50,65)",1.6,76.7,57.7,79.1,0.9962,1
"bf","domain","antagonism","m","[50,65)",1.8,80.2,60.5,81.7,0.9987,1
"bf","domain","antagonism","m","[50,65)",2,87.2,63.4,84.4,1,1
"bf","domain","antagonism","m","[50,65)",2.2,87.2,66.3,86.3,1,1
"bf","domain","antagonism","m","[50,65)",2.4,87.2,69.3,86.9,1,1
"bf","domain","antagonism","m","[50,65)",2.6,87.2,72.6,87.1,1,1
"bf","domain","antagonism","m","[50,65)",2.8,87.2,75.5,87.2,1,1
"bf","domain","antagonism","m","[50,65)",3,87.2,77.7,87.2,1,1
"bf","domain","antagonism","m","[65,Inf)",0,40,39.8,52.8,0.1588,0
"bf","domain","antagonism","m","[65,Inf)",0.2,47.2,41.7,58.8,0.3887,0
"bf","domain","antagonism","m","[65,Inf)",0.4,52.6,43.6,62.7,0.6041,0
"bf","domain","antagonism","m","[65,Inf)",0.6,57.5,46,66.1,0.7747,0
"bf","domain","antagonism","m","[65,Inf)",0.8,62.3,48.5,69.3,0.8903,0
"bf","domain","antagonism","m","[65,Inf)",1,66.9,50.9,72.3,0.9547,0
"bf","domain","antagonism","m","[65,Inf)",1.2,71.3,53.3,75.2,0.9832,0
"bf","domain","antagonism","m","[65,Inf)",1.4,75.8,55.7,78.2,0.995,1
"bf","domain","antagonism","m","[65,Inf)",1.6,80,58.5,81.2,0.9986,1
"bf","domain","antagonism","m","[65,Inf)",1.8,87.2,61.4,83.8,1,1
"bf","domain","antagonism","m","[65,Inf)",2,87.2,64.4,86,1,1
"bf","domain","antagonism","m","[65,Inf)",2.2,87.2,67.3,87.1,1,1
"bf","domain","antagonism","m","[65,Inf)",2.4,87.2,69.9,87.2,1,1
"bf","domain","antagonism","m","[65,Inf)",2.6,87.2,72.6,87.2,1,1
"bf","domain","antagonism","m","[65,Inf)",2.8,87.2,74.9,87.2,1,1
"bf","domain","antagonism","m","[65,Inf)",3,87.2,77.1,87.2,1,1
"bf","domain","detachment","all","all",0,34,33.9,46.7,0.0546,0
"bf","domain","detachment","all","all",0.2,38.9,35.7,52.3,0.1333,0
"bf","domain","detachment","all","all",0.4,43.2,37.4,55.6,0.2492,0
"bf","domain","detachment","all","all",0.6,47.2,39.3,58.5,0.3886,0
"bf","domain","detachment","all","all",0.8,50.9,41.4,61.1,0.5364,0
"bf","domain","detachment","all","all",1,54.6,43.5,63.5,0.6762,0
"bf","domain","detachment","all","all",1.2,58.2,45.6,65.9,0.7925,0
"bf","domain","detachment","all","all",1.4,61.6,47.8,68.2,0.8776,0
"bf","domain","detachment","all","all",1.6,65,49.9,70.4,0.9327,0
"bf","domain","detachment","all","all",1.8,68.2,52.1,72.6,0.9657,0
"bf","domain","detachment","all","all",2,71.3,54.5,74.8,0.9834,0
"bf","domain","detachment","all","all",2.2,74.3,56.9,77.1,0.9925,0
"bf","domain","detachment","all","all",2.4,77.2,59.7,79.3,0.9967,1
"bf","domain","detachment","all","all",2.6,80.2,62.8,81.7,0.9988,1
"bf","domain","detachment","all","all",2.8,83.1,66.3,83.9,0.9995,1
"bf","domain","detachment","all","all",3,87.2,71.5,86.8,1,1
"bf","domain","detachment","f","[18,35)",0,34.3,34,46,0.0578,0
"bf","domain","detachment","f","[18,35)",0.2,38.8,35.8,51.6,0.1319,0
"bf","domain","detachment","f","[18,35)",0.4,42.9,37.4,54.8,0.2376,0
"bf","domain","detachment","f","[18,35)",0.6,46.5,39.2,57.6,0.3647,0
"bf","domain","detachment","f","[18,35)",0.8,50.1,41.2,60.1,0.5024,0
"bf","domain","detachment","f","[18,35)",1,53.5,43.3,62.4,0.6366,0
"bf","domain","detachment","f","[18,35)",1.2,56.9,45.3,64.5,0.7557,0
"bf","domain","detachment","f","[18,35)",1.4,60.3,47.4,66.5,0.8486,0
"bf","domain","detachment","f","[18,35)",1.6,63.4,49.4,68.5,0.9096,0
"bf","domain","detachment","f","[18,35)",1.8,66.1,51.6,70.4,0.9467,0
"bf","domain","detachment","f","[18,35)",2,68.7,53.9,72.3,0.9695,0
"bf","domain","detachment","f","[18,35)",2.2,71.1,56.4,74.4,0.9826,0
"bf","domain","detachment","f","[18,35)",2.4,73,59.2,76.4,0.9892,0
"bf","domain","detachment","f","[18,35)",2.6,75.5,62.5,78.5,0.9946,0
"bf","domain","detachment","f","[18,35)",2.8,78.6,66.2,80.5,0.9979,1
"bf","domain","detachment","f","[18,35)",3,87.2,70.9,85,1,1
"bf","domain","detachment","f","[35,50)",0,35.5,35.3,47.6,0.073,0
"bf","domain","detachment","f","[35,50)",0.2,40.4,37.1,53.3,0.1687,0
"bf","domain","detachment","f","[35,50)",0.4,44.7,38.7,56.5,0.2973,0
"bf","domain","detachment","f","[35,50)",0.6,48.6,40.6,59.3,0.4434,0
"bf","domain","detachment","f","[35,50)",0.8,52.3,42.6,61.9,0.5915,0
"bf","domain","detachment","f","[35,50)",1,56,44.6,64.4,0.7255,0
"bf","domain","detachment","f","[35,50)",1.2,59.4,46.7,66.7,0.8276,0
"bf","domain","detachment","f","[35,50)",1.4,62.9,48.8,69,0.9006,0
"bf","domain","detachment","f","[35,50)",1.6,66.1,50.9,71.3,0.946,0
"bf","domain","detachment","f","[35,50)",1.8,69.2,53.2,73.7,0.9727,0
"bf","domain","detachment","f","[35,50)",2,72.2,55.5,76.1,0.9868,0
"bf","domain","detachment","f","[35,50)",2.2,75.2,58,78.5,0.9941,0
"bf","domain","detachment","f","[35,50)",2.4,78.8,60.7,81,0.998,1
"bf","domain","detachment","f","[35,50)",2.6,87.2,63.6,83.6,1,1
"bf","domain","detachment","f","[35,50)",2.8,87.2,66.8,85.7,1,1
"bf","domain","detachment","f","[35,50)",3,87.2,70.6,86.7,1,1
"bf","domain","detachment","f","[50,65)",0,34.5,34.3,47.8,0.0609,0
"bf","domain","detachment","f","[50,65)",0.2,39.8,36.3,53.3,0.153,0
"bf","domain","detachment","f","[50,65)",0.4,44.4,38,56.7,0.2867,0
"bf","domain","detachment","f","[50,65)",0.6,48.5,40,59.6,0.442,0
"bf","domain","detachment","f","[50,65)",0.8,52.4,42.1,62.4,0.5943,0
"bf","domain","detachment","f","[50,65)",1,56.1,44.3,64.9,0.729,0
"bf","domain","detachment","f","[50,65)",1.2,59.7,46.4,67.4,0.8349,0
"bf","domain","detachment","f","[50,65)",1.4,63.4,48.6,69.9,0.91,0
"bf","domain","detachment","f","[50,65)",1.6,67,50.8,72.2,0.9558,0
"bf","domain","detachment","f","[50,65)",1.8,70.7,53.1,74.6,0.9805,0
"bf","domain","detachment","f","[50,65)",2,74.3,55.4,77,0.9923,0
"bf","domain","detachment","f","[50,65)",2.2,77.7,57.8,79.5,0.9972,1
"bf","domain","detachment","f","[50,65)",2.4,80.3,60.3,82.1,0.9988,1
"bf","domain","detachment","f","[50,65)",2.6,87.2,63.2,85.1,1,1
"bf","domain","detachment","f","[50,65)",2.8,87.2,66.6,86.8,1,1
"bf","domain","detachment","f","[50,65)",3,87.2,71,87.2,1,1
"bf","domain","detachment","f","[65,Inf)",0,33.5,33.1,47.3,0.0495,0
"bf","domain","detachment","f","[65,Inf)",0.2,38.6,35.4,52.9,0.1276,0
"bf","domain","detachment","f","[65,Inf)",0.4,43.3,37.1,56.4,0.2507,0
"bf","domain","detachment","f","[65,Inf)",0.6,47.5,39.2,59.3,0.4012,0
"bf","domain","detachment","f","[65,Inf)",0.8,51.6,41.3,62,0.563,0
"bf","domain","detachment","f","[65,Inf)",1,55.5,43.5,64.6,0.7096,0
"bf","domain","detachment","f","[65,Inf)",1.2,59.3,45.6,67,0.8251,0
"bf","domain","detachment","f","[65,Inf)",1.4,63.2,47.9,69.4,0.906,0
"bf","domain","detachment","f","[65,Inf)",1.6,66.6,50,71.7,0.9517,0
"bf","domain","detachment","f","[65,Inf)",1.8,70.1,52.3,74,0.9777,0
"bf","domain","detachment","f","[65,Inf)",2,73.5,54.7,76.4,0.9907,0
"bf","domain","detachment","f","[65,Inf)",2.2,77.2,57.2,78.9,0.9968,1
"bf","domain","detachment","f","[65,Inf)",2.4,80.8,60,82,0.9989,1
"bf","domain","detachment","f","[65,Inf)",2.6,87.2,63.2,84.8,1,1
"bf","domain","detachment","f","[65,Inf)",2.8,87.2,66.8,86.3,1,1
"bf","domain","detachment","f","[65,Inf)",3,87.2,71,87.1,1,1
"bf","domain","detachment","m","[18,35)",0,34.2,33.8,45.8,0.057,0
"bf","domain","detachment","m","[18,35)",0.2,38.7,35.7,51.3,0.1303,0
"bf","domain","detachment","m","[18,35)",0.4,42.8,37.3,54.5,0.2353,0
"bf","domain","detachment","m","[18,35)",0.6,46.3,39.2,57.3,0.355,0
"bf","domain","detachment","m","[18,35)",0.8,49.8,41.1,59.8,0.4916,0
"bf","domain","detachment","m","[18,35)",1,53.3,43.2,62.1,0.6276,0
"bf","domain","detachment","m","[18,35)",1.2,56.6,45.2,64.3,0.7459,0
"bf","domain","detachment","m","[18,35)",1.4,59.8,47.3,66.6,0.8361,0
"bf","domain","detachment","m","[18,35)",1.6,62.8,49.3,68.8,0.9003,0
"bf","domain","detachment","m","[18,35)",1.8,65.8,51.5,71,0.9427,0
"bf","domain","detachment","m","[18,35)",2,68.7,53.8,73.1,0.9696,0
"bf","domain","detachment","m","[18,35)",2.2,71.8,56.3,75.4,0.9854,0
"bf","domain","detachment","m","[18,35)",2.4,74.4,59,77.6,0.9927,0
"bf","domain","detachment","m","[18,35)",2.6,76.8,61.9,79.9,0.9964,1
"bf","domain","detachment","m","[18,35)",2.8,87.2,65,82.2,1,1
"bf","domain","detachment","m","[18,35)",3,87.2,69.7,85.2,1,1
"bf","domain","detachment","m","[35,50)",0,33.8,33.6,45.9,0.0521,0
"bf","domain","detachment","m","[35,50)",0.2,38.4,35.5,51.4,0.1237,0
"bf","domain","detachment","m","[35,50)",0.4,42.6,37,54.6,0.2286,0
"bf","domain","detachment","m","[35,50)",0.6,46.3,38.9,57.4,0.355,0
"bf","domain","detachment","m","[35,50)",0.8,49.9,40.9,59.9,0.4963,0
"bf","domain","detachment","m","[35,50)",1,53.3,43,62.3,0.63,0
"bf","domain","detachment","m","[35,50)",1.2,56.7,45.1,64.7,0.7484,0
"bf","domain","detachment","m","[35,50)",1.4,60,47.2,67,0.8412,0
"bf","domain","detachment","m","[35,50)",1.6,63.2,49.4,69.3,0.9062,0
"bf","domain","detachment","m","[35,50)",1.8,66.4,51.5,71.5,0.9492,0
"bf","domain","detachment","m","[35,50)",2,69.7,53.8,73.8,0.9753,0
"bf","domain","detachment","m","[35,50)",2.2,73,56.3,76.2,0.9892,0
"bf","domain","detachment","m","[35,50)",2.4,76.3,58.9,78.7,0.9957,1
"bf","domain","detachment","m","[35,50)",2.6,87.2,61.8,81.4,1,1
"bf","domain","detachment","m","[35,50)",2.8,87.2,64.9,84.3,1,1
"bf","domain","detachment","m","[35,50)",3,87.2,69,86.7,1,1
"bf","domain","detachment","m","[50,65)",0,33.7,33.5,46.9,0.0512,0
"bf","domain","detachment","m","[50,65)",0.2,38.8,35.4,52.4,0.1304,0
"bf","domain","detachment","m","[50,65)",0.4,43.2,37.2,55.8,0.2475,0
"bf","domain","detachment","m","[50,65)",0.6,47.2,39.1,58.7,0.3904,0
"bf","domain","detachment","m","[50,65)",0.8,51,41.2,61.4,0.5406,0
"bf","domain","detachment","m","[50,65)",1,54.7,43.4,64,0.6818,0
"bf","domain","detachment","m","[50,65)",1.2,58.4,45.5,66.5,0.7995,0
"bf","domain","detachment","m","[50,65)",1.4,62,47.8,68.9,0.885,0
"bf","domain","detachment","m","[50,65)",1.6,65.6,49.9,71.3,0.9404,0
"bf","domain","detachment","m","[50,65)",1.8,69.2,52.2,73.7,0.9729,0
"bf","domain","detachment","m","[50,65)",2,73,54.5,76.1,0.9891,0
"bf","domain","detachment","m","[50,65)",2.2,76.7,56.9,78.7,0.9962,1
"bf","domain","detachment","m","[50,65)",2.4,80.2,59.5,81.3,0.9987,1
"bf","domain","detachment","m","[50,65)",2.6,87.2,62.3,84.5,1,1
"bf","domain","detachment","m","[50,65)",2.8,87.2,65.5,86.6,1,1
"bf","domain","detachment","m","[50,65)",3,87.2,69.6,87.1,1,1
"bf","domain","detachment","m","[65,Inf)",0,32.2,31.9,46.1,0.0376,0
"bf","domain","detachment","m","[65,Inf)",0.2,37.3,34.2,51.8,0.1012,0
"bf","domain","detachment","m","[65,Inf)",0.4,41.7,36,55.3,0.2039,0
"bf","domain","detachment","m","[65,Inf)",0.6,45.9,38,58.3,0.3418,0
"bf","domain","detachment","m","[65,Inf)",0.8,49.8,40.2,61.1,0.4934,0
"bf","domain","detachment","m","[65,Inf)",1,53.8,42.4,63.8,0.6462,0
"bf","domain","detachment","m","[65,Inf)",1.2,57.7,44.6,66.3,0.7792,0
"bf","domain","detachment","m","[65,Inf)",1.4,61.7,46.7,68.8,0.8783,0
"bf","domain","detachment","m","[65,Inf)",1.6,65.6,49,71.1,0.9409,0
"bf","domain","detachment","m","[65,Inf)",1.8,69.5,51.2,73.5,0.9745,0
"bf","domain","detachment","m","[65,Inf)",2,73.1,53.5,76,0.9895,0
"bf","domain","detachment","m","[65,Inf)",2.2,76.8,55.9,78.5,0.9964,1
"bf","domain","detachment","m","[65,Inf)",2.4,80,58.5,81.1,0.9986,1
"bf","domain","detachment","m","[65,Inf)",2.6,87.2,61.5,83.9,1,1
"bf","domain","detachment","m","[65,Inf)",2.8,87.2,65,86,1,1
"bf","domain","detachment","m","[65,Inf)",3,87.2,70.2,87.1,1,1
"bf","domain","disinhibition","all","all",0,34.1,34,48.2,0.0555,0
"bf","domain","disinhibition","all","all",0.2,40.1,36,54,0.1621,0
"bf","domain","disinhibition","all","all",0.4,45,38.1,57.6,0.3087,0
"bf","domain","disinhibition","all","all",0.6,49.6,40.3,60.6,0.4852,0
"bf","domain","disinhibition","all","all",0.8,54.3,42.7,63.4,0.6652,0
"bf","domain","disinhibition","all","all",1,58.5,45,66,0.8023,0
"bf","domain","disinhibition","all","all",1.2,62.4,47.4,68.5,0.8925,0
"bf","domain","disinhibition","all","all",1.4,65.9,49.8,70.9,0.9438,0
"bf","domain","disinhibition","all","all",1.6,69.1,52.4,73.2,0.9719,0
"bf","domain","disinhibition","all","all",1.8,72,55.2,75.5,0.9862,0
"bf","domain","disinhibition","all","all",2,74.8,58.2,77.7,0.9934,0
"bf","domain","disinhibition","all","all",2.2,77.3,61.2,79.9,0.9968,1
"bf","domain","disinhibition","all","all",2.4,80,64.4,82.1,0.9986,1
"bf","domain","disinhibition","all","all",2.6,82.4,67.9,84.1,0.9994,1
"bf","domain","disinhibition","all","all",2.8,85.1,71.6,85.9,0.9998,1
"bf","domain","disinhibition","all","all",3,87.2,76.2,87.1,1,1
"bf","domain","disinhibition","f","[18,35)",0,34,33.5,46.8,0.0544,0
"bf","domain","disinhibition","f","[18,35)",0.2,39.4,35.7,52.1,0.1448,0
"bf","domain","disinhibition","f","[18,35)",0.4,43.9,37.7,55.4,0.2704,0
"bf","domain","disinhibition","f","[18,35)",0.6,48.2,39.7,58.3,0.4268,0
"bf","domain","disinhibition","f","[18,35)",0.8,52.1,42,61.1,0.5819,0
"bf","domain","disinhibition","f","[18,35)",1,55.6,44.3,63.6,0.7124,0
"bf","domain","disinhibition","f","[18,35)",1.2,59,46.6,66.1,0.816,0
"bf","domain","disinhibition","f","[18,35)",1.4,62.3,49.1,68.5,0.8899,0
"bf","domain","disinhibition","f","[18,35)",1.6,65.5,51.7,70.9,0.94,0
"bf","domain","disinhibition","f","[18,35)",1.8,68.6,54.2,73.1,0.9684,0
"bf","domain","disinhibition","f","[18,35)",2,71.6,56.7,75.4,0.9847,0
"bf","domain","disinhibition","f","[18,35)",2.2,74.8,59.3,77.9,0.9934,0
"bf","domain","disinhibition","f","[18,35)",2.4,77.2,62,80.2,0.9967,1
"bf","domain","disinhibition","f","[18,35)",2.6,87.2,65.1,82.9,1,1
"bf","domain","disinhibition","f","[18,35)",2.8,87.2,68.2,84.4,1,1
"bf","domain","disinhibition","f","[18,35)",3,87.2,72.3,86.1,1,1
"bf","domain","disinhibition","f","[35,50)",0,34.6,34.5,48,0.0617,0
"bf","domain","disinhibition","f","[35,50)",0.2,40.2,36.4,53.9,0.1637,0
"bf","domain","disinhibition","f","[35,50)",0.4,44.9,38.3,57.4,0.3037,0
"bf","domain","disinhibition","f","[35,50)",0.6,49.5,40.5,60.5,0.482,0
"bf","domain","disinhibition","f","[35,50)",0.8,54.1,42.7,63.2,0.6586,0
"bf","domain","disinhibition","f","[35,50)",1,58.3,45,65.8,0.796,0
"bf","domain","disinhibition","f","[35,50)",1.2,62.1,47.3,68.2,0.8874,0
"bf","domain","disinhibition","f","[35,50)",1.4,65.7,49.7,70.5,0.9421,0
"bf","domain","disinhibition","f","[35,50)",1.6,68.9,52.3,72.7,0.9704,0
"bf","domain","disinhibition","f","[35,50)",1.8,71.5,55.1,74.9,0.9842,0
"bf","domain","disinhibition","f","[35,50)",2,74.1,58,77,0.9921,0
"bf","domain","disinhibition","f","[35,50)",2.2,76.6,61,79,0.996,1
"bf","domain","disinhibition","f","[35,50)",2.4,78.8,64.3,81.1,0.998,1
"bf","domain","disinhibition","f","[35,50)",2.6,87.2,67.9,83.3,1,1
"bf","domain","disinhibition","f","[35,50)",2.8,87.2,71.6,85.1,1,1
"bf","domain","disinhibition","f","[35,50)",3,87.2,75.9,86.5,1,1
"bf","domain","disinhibition","f","[50,65)",0,34.6,34.4,48.6,0.0612,0
"bf","domain","disinhibition","f","[50,65)",0.2,40.5,36.4,54.7,0.171,0
"bf","domain","disinhibition","f","[50,65)",0.4,45.5,38.5,58.3,0.3246,0
"bf","domain","disinhibition","f","[50,65)",0.6,50.2,40.7,61.5,0.5085,0
"bf","domain","disinhibition","f","[50,65)",0.8,55,43,64.4,0.6907,0
"bf","domain","disinhibition","f","[50,65)",1,59.5,45.3,67,0.8287,0
"bf","domain","disinhibition","f","[50,65)",1.2,63.7,47.7,69.6,0.914,0
"bf","domain","disinhibition","f","[50,65)",1.4,67.5,50,72.2,0.9602,0
"bf","domain","disinhibition","f","[50,65)",1.6,70.9,52.6,74.6,0.9817,0
"bf","domain","disinhibition","f","[50,65)",1.8,74.2,55.4,77.1,0.9923,0
"bf","domain","disinhibition","f","[50,65)",2,77.2,58.3,79.5,0.9968,1
"bf","domain","disinhibition","f","[50,65)",2.2,80.3,61.4,82,0.9988,1
"bf","domain","disinhibition","f","[50,65)",2.4,87.2,64.8,84.3,1,1
"bf","domain","disinhibition","f","[50,65)",2.6,87.2,68.4,86.4,1,1
"bf","domain","disinhibition","f","[50,65)",2.8,87.2,72.3,87.1,1,1
"bf","domain","disinhibition","f","[50,65)",3,87.2,76.7,87.1,1,1
"bf","domain","disinhibition","f","[65,Inf)",0,34.4,34.1,49.2,0.0597,0
"bf","domain","disinhibition","f","[65,Inf)",0.2,40.5,36.4,55.4,0.172,0
"bf","domain","disinhibition","f","[65,Inf)",0.4,45.6,38.5,59.2,0.3303,0
"bf","domain","disinhibition","f","[65,Inf)",0.6,50.7,40.8,62.4,0.5284,0
"bf","domain","disinhibition","f","[65,Inf)",0.8,56,43.1,65.3,0.7248,0
"bf","domain","disinhibition","f","[65,Inf)",1,60.8,45.4,68,0.8601,0
"bf","domain","disinhibition","f","[65,Inf)",1.2,65.3,47.7,70.6,0.9371,0
"bf","domain","disinhibition","f","[65,Inf)",1.4,69.2,50,73.3,0.9725,0
"bf","domain","disinhibition","f","[65,Inf)",1.6,72.8,52.6,75.9,0.9886,0
"bf","domain","disinhibition","f","[65,Inf)",1.8,75.9,55.5,78.8,0.9952,1
"bf","domain","disinhibition","f","[65,Inf)",2,79.5,58.5,81.2,0.9984,1
"bf","domain","disinhibition","f","[65,Inf)",2.2,87.2,61.8,84,1,1
"bf","domain","disinhibition","f","[65,Inf)",2.4,87.2,65.4,85.8,1,1
"bf","domain","disinhibition","f","[65,Inf)",2.6,87.2,69.1,86.7,1,1
"bf","domain","disinhibition","f","[65,Inf)",2.8,87.2,72.6,87,1,1
"bf","domain","disinhibition","f","[65,Inf)",3,87.2,75.3,87.1,1,1
"bf","domain","disinhibition","m","[18,35)",0,33.2,33,47.5,0.0466,0
"bf","domain","disinhibition","m","[18,35)",0.2,39.5,35.3,52.9,0.1473,0
"bf","domain","disinhibition","m","[18,35)",0.4,44.5,37.5,56.3,0.2922,0
"bf","domain","disinhibition","m","[18,35)",0.6,48.8,39.7,59.1,0.4532,0
"bf","domain","disinhibition","m","[18,35)",0.8,52.9,42.1,61.7,0.6147,0
"bf","domain","disinhibition","m","[18,35)",1,56.8,44.6,64.1,0.7518,0
"bf","domain","disinhibition","m","[18,35)",1.2,60.4,47,66.4,0.8505,0
"bf","domain","disinhibition","m","[18,35)",1.4,63.4,49.5,68.6,0.9105,0
"bf","domain","disinhibition","m","[18,35)",1.6,66.2,52,70.8,0.9473,0
"bf","domain","disinhibition","m","[18,35)",1.8,68.7,54.7,72.8,0.9693,0
"bf","domain","disinhibition","m","[18,35)",2,71.5,57.5,74.8,0.984,0
"bf","domain","disinhibition","m","[18,35)",2.2,73.8,60.4,76.9,0.9913,0
"bf","domain","disinhibition","m","[18,35)",2.4,76.8,63.4,79,0.9964,1
"bf","domain","disinhibition","m","[18,35)",2.6,87.2,66.5,81.2,1,1
"bf","domain","disinhibition","m","[18,35)",2.8,87.2,69.5,83.4,1,1
"bf","domain","disinhibition","m","[18,35)",3,87.2,73.3,85.7,1,1
"bf","domain","disinhibition","m","[35,50)",0,33.8,33.5,47.6,0.0528,0
"bf","domain","disinhibition","m","[35,50)",0.2,39.8,35.6,53.4,0.153,0
"bf","domain","disinhibition","m","[35,50)",0.4,44.6,37.7,57,0.2938,0
"bf","domain","disinhibition","m","[35,50)",0.6,49,40,60.1,0.459,0
"bf","domain","disinhibition","m","[35,50)",0.8,53.4,42.4,62.9,0.6319,0
"bf","domain","disinhibition","m","[35,50)",1,57.6,44.8,65.6,0.7754,0
"bf","domain","disinhibition","m","[35,50)",1.2,61.4,47.1,68.2,0.8735,0
"bf","domain","disinhibition","m","[35,50)",1.4,65.2,49.4,70.8,0.9355,0
"bf","domain","disinhibition","m","[35,50)",1.6,68.7,52,73.2,0.9692,0
"bf","domain","disinhibition","m","[35,50)",1.8,72.2,54.6,75.7,0.9868,0
"bf","domain","disinhibition","m","[35,50)",2,75.3,57.4,78.1,0.9943,0
"bf","domain","disinhibition","m","[35,50)",2.2,78.5,60.3,80.8,0.9978,1
"bf","domain","disinhibition","m","[35,50)",2.4,87.2,63.3,83.4,1,1
"bf","domain","disinhibition","m","[35,50)",2.6,87.2,66.6,85.8,1,1
"bf","domain","disinhibition","m","[35,50)",2.8,87.2,70.2,86.6,1,1
"bf","domain","disinhibition","m","[35,50)",3,87.2,74.4,87,1,1
"bf","domain","disinhibition","m","[50,65)",0,33.7,33.6,48.7,0.052,0
"bf","domain","disinhibition","m","[50,65)",0.2,40.6,35.8,54.6,0.1724,0
"bf","domain","disinhibition","m","[50,65)",0.4,45.6,38.1,58.2,0.3308,0
"bf","domain","disinhibition","m","[50,65)",0.6,50.3,40.5,61.3,0.5101,0
"bf","domain","disinhibition","m","[50,65)",0.8,55,43,64.3,0.6918,0
"bf","domain","disinhibition","m","[50,65)",1,59.4,45.4,67,0.8266,0
"bf","domain","disinhibition","m","[50,65)",1.2,63.5,47.8,69.7,0.9108,0
"bf","domain","disinhibition","m","[50,65)",1.4,67.3,50.2,72.2,0.9583,0
"bf","domain","disinhibition","m","[50,65)",1.6,70.9,52.7,74.8,0.9817,0
"bf","domain","disinhibition","m","[50,65)",1.8,74.3,55.5,77.4,0.9925,0
"bf","domain","disinhibition","m","[50,65)",2,78.1,58.3,80,0.9975,1
"bf","domain","disinhibition","m","[50,65)",2.2,81.5,61.3,82.7,0.9992,1
"bf","domain","disinhibition","m","[50,65)",2.4,87.2,64.4,85.4,1,1
"bf","domain","disinhibition","m","[50,65)",2.6,87.2,67.6,86.7,1,1
"bf","domain","disinhibition","m","[50,65)",2.8,87.2,71.1,87.2,1,1
"bf","domain","disinhibition","m","[50,65)",3,87.2,74.9,87.2,1,1
"bf","domain","disinhibition","m","[65,Inf)",0,33.6,33.3,48.6,0.0507,0
"bf","domain","disinhibition","m","[65,Inf)",0.2,40.1,35.6,54.9,0.162,0
"bf","domain","disinhibition","m","[65,Inf)",0.4,45,37.9,58.6,0.3076,0
"bf","domain","disinhibition","m","[65,Inf)",0.6,49.7,40.4,61.9,0.4882,0
"bf","domain","disinhibition","m","[65,Inf)",0.8,55,42.7,64.8,0.6926,0
"bf","domain","disinhibition","m","[65,Inf)",1,59.9,45.1,67.6,0.839,0
"bf","domain","disinhibition","m","[65,Inf)",1.2,64.4,47.3,70.3,0.925,0
"bf","domain","disinhibition","m","[65,Inf)",1.4,68.5,49.5,72.9,0.968,0
"bf","domain","disinhibition","m","[65,Inf)",1.6,72.3,52,75.4,0.9872,0
"bf","domain","disinhibition","m","[65,Inf)",1.8,75.8,54.9,77.9,0.995,1
"bf","domain","disinhibition","m","[65,Inf)",2,78.4,57.8,80.4,0.9977,1
"bf","domain","disinhibition","m","[65,Inf)",2.2,81.2,61,82.8,0.9991,1
"bf","domain","disinhibition","m","[65,Inf)",2.4,87.2,64.5,85.3,1,1
"bf","domain","disinhibition","m","[65,Inf)",2.6,87.2,68.5,86.7,1,1
"bf","domain","disinhibition","m","[65,Inf)",2.8,87.2,73.2,87.2,1,1
"bf","domain","disinhibition","m","[65,Inf)",3,87.2,77.5,87.2,1,1
"bf","domain","negative_affectivity","all","all",0,30.2,30,44.2,0.0236,0
"bf","domain","negative_affectivity","all","all",0.2,34.9,32,49.5,0.066,0
"bf","domain","negative_affectivity","all","all",0.4,39.2,34,53,0.1393,0
"bf","domain","negative_affectivity","all","all",0.6,43.1,36.1,56,0.2465,0
"bf","domain","negative_affectivity","all","all",0.8,46.9,38.3,58.7,0.379,0
"bf","domain","negative_affectivity","all","all",1,50.7,40.5,61.3,0.527,0
"bf","domain","negative_affectivity","all","all",1.2,54.4,42.7,63.7,0.6718,0
"bf","domain","negative_affectivity","all","all",1.4,58.2,44.9,66,0.7944,0
"bf","domain","negative_affectivity","all","all",1.6,61.9,47.1,68.4,0.8836,0
"bf","domain","negative_affectivity","all","all",1.8,65.5,49.4,70.7,0.9394,0
"bf","domain","negative_affectivity","all","all",2,68.9,51.8,73,0.9707,0
"bf","domain","negative_affectivity","all","all",2.2,72.3,54.4,75.3,0.9872,0
"bf","domain","negative_affectivity","all","all",2.4,75.5,57.2,77.6,0.9946,0
"bf","domain","negative_affectivity","all","all",2.6,78.4,60.5,79.9,0.9977,1
"bf","domain","negative_affectivity","all","all",2.8,80.8,64.4,82.6,0.999,1
"bf","domain","negative_affectivity","all","all",3,83.8,70.3,84.5,0.9996,1
"bf","domain","negative_affectivity","f","[18,35)",0,26.7,25.5,41,0.0098,0
"bf","domain","negative_affectivity","f","[18,35)",0.2,31.1,28.6,46,0.0294,0
"bf","domain","negative_affectivity","f","[18,35)",0.4,35.1,30.7,49.4,0.0687,0
"bf","domain","negative_affectivity","f","[18,35)",0.6,39,32.9,52.4,0.1349,0
"bf","domain","negative_affectivity","f","[18,35)",0.8,42.5,35.2,55,0.2277,0
"bf","domain","negative_affectivity","f","[18,35)",1,46,37.4,57.5,0.3449,0
"bf","domain","negative_affectivity","f","[18,35)",1.2,49.6,39.6,59.9,0.4834,0
"bf","domain","negative_affectivity","f","[18,35)",1.4,53.1,41.8,62.2,0.6236,0
"bf","domain","negative_affectivity","f","[18,35)",1.6,56.6,44.1,64.6,0.7464,0
"bf","domain","negative_affectivity","f","[18,35)",1.8,60,46.4,66.9,0.8419,0
"bf","domain","negative_affectivity","f","[18,35)",2,63.5,48.8,69.2,0.9116,0
"bf","domain","negative_affectivity","f","[18,35)",2.2,67.1,51.3,71.5,0.9564,0
"bf","domain","negative_affectivity","f","[18,35)",2.4,70.8,54.1,74,0.9815,0
"bf","domain","negative_affectivity","f","[18,35)",2.6,74.8,57.2,76.5,0.9934,0
"bf","domain","negative_affectivity","f","[18,35)",2.8,77.2,60.8,79.3,0.9967,1
"bf","domain","negative_affectivity","f","[18,35)",3,87.2,65.8,83,1,1
"bf","domain","negative_affectivity","f","[35,50)",0,30,29.7,43.1,0.023,0
"bf","domain","negative_affectivity","f","[35,50)",0.2,34.7,31.8,48.5,0.0624,0
"bf","domain","negative_affectivity","f","[35,50)",0.4,38.7,33.7,52.2,0.1288,0
"bf","domain","negative_affectivity","f","[35,50)",0.6,42.3,35.7,55.4,0.2196,0
"bf","domain","negative_affectivity","f","[35,50)",0.8,45.7,37.9,58.2,0.3353,0
"bf","domain","negative_affectivity","f","[35,50)",1,49.3,40.1,60.7,0.4722,0
"bf","domain","negative_affectivity","f","[35,50)",1.2,53.1,42.2,63.2,0.6229,0
"bf","domain","negative_affectivity","f","[35,50)",1.4,57.2,44.3,65.5,0.7638,0
"bf","domain","negative_affectivity","f","[35,50)",1.6,61.1,46.4,67.8,0.8664,0
"bf","domain","negative_affectivity","f","[35,50)",1.8,64.9,48.6,70.2,0.9316,0
"bf","domain","negative_affectivity","f","[35,50)",2,68.4,50.8,72.5,0.967,0
"bf","domain","negative_affectivity","f","[35,50)",2.2,71.7,53.3,75.1,0.9848,0
"bf","domain","negative_affectivity","f","[35,50)",2.4,75.2,56.2,77.7,0.9941,0
"bf","domain","negative_affectivity","f","[35,50)",2.6,78.8,59.6,80.7,0.998,1
"bf","domain","negative_affectivity","f","[35,50)",2.8,87.2,63.7,83.9,1,1
"bf","domain","negative_affectivity","f","[35,50)",3,87.2,68.8,86.2,1,1
"bf","domain","negative_affectivity","f","[50,65)",0,30.5,30.1,44.2,0.0256,0
"bf","domain","negative_affectivity","f","[50,65)",0.2,35.2,32.2,49.7,0.069,0
"bf","domain","negative_affectivity","f","[50,65)",0.4,39.2,34.2,53.2,0.1409,0
"bf","domain","negative_affectivity","f","[50,65)",0.6,43.2,36.3,56.3,0.2468,0
"bf","domain","negative_affectivity","f","[50,65)",0.8,47,38.4,59,0.3816,0
"bf","domain","negative_affectivity","f","[50,65)",1,50.8,40.6,61.6,0.5311,0
"bf","domain","negative_affectivity","f","[50,65)",1.2,54.6,42.7,64.1,0.6789,0
"bf","domain","negative_affectivity","f","[50,65)",1.4,58.6,44.9,66.5,0.8039,0
"bf","domain","negative_affectivity","f","[50,65)",1.6,62.4,47.1,68.9,0.8933,0
"bf","domain","negative_affectivity","f","[50,65)",1.8,66.2,49.4,71.4,0.9477,0
"bf","domain","negative_affectivity","f","[50,65)",2,69.8,51.8,73.9,0.9761,0
"bf","domain","negative_affectivity","f","[50,65)",2.2,73.4,54.4,76.8,0.9903,0
"bf","domain","negative_affectivity","f","[50,65)",2.4,77.7,57.2,79.9,0.9972,1
"bf","domain","negative_affectivity","f","[50,65)",2.6,87.2,60.4,82.9,1,1
"bf","domain","negative_affectivity","f","[50,65)",2.8,87.2,64.1,85.9,1,1
"bf","domain","negative_affectivity","f","[50,65)",3,87.2,67.8,87,1,1
"bf","domain","negative_affectivity","f","[65,Inf)",0,28.3,28.1,44.9,0.015,0
"bf","domain","negative_affectivity","f","[65,Inf)",0.2,33.4,30.7,50.1,0.0487,0
"bf","domain","negative_affectivity","f","[65,Inf)",0.4,38.2,32.9,53.6,0.119,0
"bf","domain","negative_affectivity","f","[65,Inf)",0.6,42.7,35.2,56.6,0.2332,0
"bf","domain","negative_affectivity","f","[65,Inf)",0.8,47.1,37.5,59.4,0.387,0
"bf","domain","negative_affectivity","f","[65,Inf)",1,51.3,39.8,62,0.5533,0
"bf","domain","negative_affectivity","f","[65,Inf)",1.2,55.3,42.1,64.6,0.7019,0
"bf","domain","negative_affectivity","f","[65,Inf)",1.4,59.2,44.5,67.1,0.8219,0
"bf","domain","negative_affectivity","f","[65,Inf)",1.6,63.2,46.9,69.6,0.906,0
"bf","domain","negative_affectivity","f","[65,Inf)",1.8,67.1,49.4,72.1,0.9565,0
"bf","domain","negative_affectivity","f","[65,Inf)",2,71,52,74.8,0.9819,0
"bf","domain","negative_affectivity","f","[65,Inf)",2.2,74.8,54.6,77.7,0.9934,0
"bf","domain","negative_affectivity","f","[65,Inf)",2.4,87.2,57.4,80.7,1,1
"bf","domain","negative_affectivity","f","[65,Inf)",2.6,87.2,60.5,83.6,1,1
"bf","domain","negative_affectivity","f","[65,Inf)",2.8,87.2,64,85.8,1,1
"bf","domain","negative_affectivity","f","[65,Inf)",3,87.2,67.4,86.8,1,1
"bf","domain","negative_affectivity","m","[18,35)",0,30.3,29.6,44.4,0.0243,0
"bf","domain","negative_affectivity","m","[18,35)",0.2,35.1,32.1,49.7,0.0683,0
"bf","domain","negative_affectivity","m","[18,35)",0.4,39.4,34.1,53,0.1441,0
"bf","domain","negative_affectivity","m","[18,35)",0.6,43.3,36.2,55.9,0.2525,0
"bf","domain","negative_affectivity","m","[18,35)",0.8,47.2,38.4,58.5,0.3883,0
"bf","domain","negative_affectivity","m","[18,35)",1,50.9,40.6,60.9,0.5348,0
"bf","domain","negative_affectivity","m","[18,35)",1.2,54.7,42.8,63.1,0.6797,0
"bf","domain","negative_affectivity","m","[18,35)",1.4,58.3,45,65.3,0.797,0
"bf","domain","negative_affectivity","m","[18,35)",1.6,61.6,47.2,67.4,0.8761,0
"bf","domain","negative_affectivity","m","[18,35)",1.8,64.6,49.5,69.4,0.9282,0
"bf","domain","negative_affectivity","m","[18,35)",2,67.6,52,71.1,0.9606,0
"bf","domain","negative_affectivity","m","[18,35)",2.2,70.3,54.7,72.8,0.979,0
"bf","domain","negative_affectivity","m","[18,35)",2.4,72.5,57.7,74.5,0.9877,0
"bf","domain","negative_affectivity","m","[18,35)",2.6,73.8,61.1,76.3,0.9913,0
"bf","domain","negative_affectivity","m","[18,35)",2.8,75.7,65.3,78.6,0.995,0
"bf","domain","negative_affectivity","m","[18,35)",3,87.2,71.5,80.2,1,1
"bf","domain","negative_affectivity","m","[35,50)",0,31,30.6,44.4,0.0285,0
"bf","domain","negative_affectivity","m","[35,50)",0.2,35.8,32.8,49.9,0.0778,0
"bf","domain","negative_affectivity","m","[35,50)",0.4,39.9,34.7,53.5,0.1572,0
"bf","domain","negative_affectivity","m","[35,50)",0.6,43.8,36.8,56.5,0.2665,0
"bf","domain","negative_affectivity","m","[35,50)",0.8,47.5,38.9,59.3,0.3996,0
"bf","domain","negative_affectivity","m","[35,50)",1,51.2,41.1,62,0.5467,0
"bf","domain","negative_affectivity","m","[35,50)",1.2,55,43.3,64.5,0.6899,0
"bf","domain","negative_affectivity","m","[35,50)",1.4,58.9,45.4,67.1,0.8124,0
"bf","domain","negative_affectivity","m","[35,50)",1.6,62.8,47.6,69.6,0.8992,0
"bf","domain","negative_affectivity","m","[35,50)",1.8,66.7,49.8,72.2,0.9528,0
"bf","domain","negative_affectivity","m","[35,50)",2,70.9,52.1,74.8,0.9815,0
"bf","domain","negative_affectivity","m","[35,50)",2.2,75.3,54.6,77.6,0.9943,0
"bf","domain","negative_affectivity","m","[35,50)",2.4,79.9,57.3,80.5,0.9986,1
"bf","domain","negative_affectivity","m","[35,50)",2.6,87.2,60.2,83.9,1,1
"bf","domain","negative_affectivity","m","[35,50)",2.8,87.2,63.4,86.3,1,1
"bf","domain","negative_affectivity","m","[35,50)",3,87.2,66.7,87,1,1
"bf","domain","negative_affectivity","m","[50,65)",0,31.7,31.5,45.7,0.0338,0
"bf","domain","negative_affectivity","m","[50,65)",0.2,36.8,33.6,51.1,0.0934,0
"bf","domain","negative_affectivity","m","[50,65)",0.4,41.3,35.5,54.7,0.1916,0
"bf","domain","negative_affectivity","m","[50,65)",0.6,45.2,37.6,57.8,0.3173,0
"bf","domain","negative_affectivity","m","[50,65)",0.8,49.1,39.8,60.7,0.463,0
"bf","domain","negative_affectivity","m","[50,65)",1,52.9,42,63.4,0.6138,0
"bf","domain","negative_affectivity","m","[50,65)",1.2,56.9,44.2,66,0.7533,0
"bf","domain","negative_affectivity","m","[50,65)",1.4,60.8,46.4,68.5,0.8604,0
"bf","domain","negative_affectivity","m","[50,65)",1.6,64.9,48.6,71,0.9325,0
"bf","domain","negative_affectivity","m","[50,65)",1.8,69.1,50.9,73.6,0.9721,0
"bf","domain","negative_affectivity","m","[50,65)",2,73.3,53.1,76.3,0.99,0
"bf","domain","negative_affectivity","m","[50,65)",2.2,78.1,55.6,79.1,0.9975,1
"bf","domain","negative_affectivity","m","[50,65)",2.4,87.2,58.2,82.2,1,1
"bf","domain","negative_affectivity","m","[50,65)",2.6,87.2,61,84.9,1,1
"bf","domain","negative_affectivity","m","[50,65)",2.8,87.2,64.2,86.7,1,1
"bf","domain","negative_affectivity","m","[50,65)",3,87.2,67.3,86.9,1,1
"bf","domain","negative_affectivity","m","[65,Inf)",0,30.6,30.3,45,0.0262,0
"bf","domain","negative_affectivity","m","[65,Inf)",0.2,35.4,32.6,50.6,0.0716,0
"bf","domain","negative_affectivity","m","[65,Inf)",0.4,39.8,34.6,54.1,0.1528,0
"bf","domain","negative_affectivity","m","[65,Inf)",0.6,44,36.7,57.3,0.273,0
"bf","domain","negative_affectivity","m","[65,Inf)",0.8,47.9,38.8,60.2,0.4177,0
"bf","domain","negative_affectivity","m","[65,Inf)",1,51.9,41,62.8,0.576,0
"bf","domain","negative_affectivity","m","[65,Inf)",1.2,56,43.2,65.4,0.7243,0
"bf","domain","negative_affectivity","m","[65,Inf)",1.4,60.1,45.4,67.9,0.8433,0
"bf","domain","negative_affectivity","m","[65,Inf)",1.6,64.2,47.7,70.5,0.9221,0
"bf","domain","negative_affectivity","m","[65,Inf)",1.8,68.3,50,73.1,0.9663,0
"bf","domain","negative_affectivity","m","[65,Inf)",2,72.4,52.3,75.9,0.9876,0
"bf","domain","negative_affectivity","m","[65,Inf)",2.2,76.8,54.8,78.7,0.9964,1
"bf","domain","negative_affectivity","m","[65,Inf)",2.4,81.2,57.5,81.8,0.9991,1
"bf","domain","negative_affectivity","m","[65,Inf)",2.6,87.2,60.6,85,1,1
"bf","domain","negative_affectivity","m","[65,Inf)",2.8,87.2,63.8,86.6,1,1
"bf","domain","negative_affectivity","m","[65,Inf)",3,87.2,67,87.2,1,1
"bf","domain","psychoticism","all","all",0,34.8,34.6,46.9,0.0649,0
"bf","domain","psychoticism","all","all",0.2,40.1,36.5,52.3,0.1605,0
"bf","domain","psychoticism","all","all",0.4,44.5,38.2,55.5,0.2926,0
"bf","domain","psychoticism","all","all",0.6,48.5,40.2,58.3,0.4387,0
"bf","domain","psychoticism","all","all",0.8,52,42.3,60.8,0.5812,0
"bf","domain","psychoticism","all","all",1,55.4,44.5,63.2,0.7055,0
"bf","domain","psychoticism","all","all",1.2,58.6,46.7,65.5,0.8051,0
"bf","domain","psychoticism","all","all",1.4,61.6,48.9,67.6,0.8773,0
"bf","domain","psychoticism","all","all",1.6,64.5,51.1,69.7,0.9267,0
"bf","domain","psychoticism","all","all",1.8,67.3,53.4,71.7,0.9578,0
"bf","domain","psychoticism","all","all",2,69.9,55.7,73.6,0.9765,0
"bf","domain","psychoticism","all","all",2.2,72.3,58.1,75.4,0.9872,0
"bf","domain","psychoticism","all","all",2.4,74.7,60.8,77.2,0.9932,0
"bf","domain","psychoticism","all","all",2.6,76.9,63.8,78.7,0.9965,1
"bf","domain","psychoticism","all","all",2.8,79.1,67.1,80,0.9982,1
"bf","domain","psychoticism","all","all",3,81.1,72.1,81.7,0.9991,1
"bf","domain","psychoticism","f","[18,35)",0,33.5,33.1,45.7,0.0499,0
"bf","domain","psychoticism","f","[18,35)",0.2,38.8,35.2,50.6,0.1308,0
"bf","domain","psychoticism","f","[18,35)",0.4,43.2,37,53.7,0.247,0
"bf","domain","psychoticism","f","[18,35)",0.6,46.9,39.1,56.3,0.379,0
"bf","domain","psychoticism","f","[18,35)",0.8,50.2,41.2,58.8,0.5095,0
"bf","domain","psychoticism","f","[18,35)",1,53.2,43.4,61.1,0.6254,0
"bf","domain","psychoticism","f","[18,35)",1.2,56.1,45.6,63.3,0.7303,0
"bf","domain","psychoticism","f","[18,35)",1.4,58.9,47.9,65.4,0.8128,0
"bf","domain","psychoticism","f","[18,35)",1.6,61.6,50,67.3,0.8779,0
"bf","domain","psychoticism","f","[18,35)",1.8,64.2,52.2,69.2,0.9217,0
"bf","domain","psychoticism","f","[18,35)",2,66.9,54.3,71,0.9542,0
"bf","domain","psychoticism","f","[18,35)",2.2,69.4,56.6,72.7,0.9738,0
"bf","domain","psychoticism","f","[18,35)",2.4,71.6,59,74.4,0.9848,0
"bf","domain","psychoticism","f","[18,35)",2.6,73.8,61.7,76,0.9913,0
"bf","domain","psychoticism","f","[18,35)",2.8,77.2,64.8,77.1,0.9967,1
"bf","domain","psychoticism","f","[18,35)",3,77.2,69.6,79.4,0.9967,1
"bf","domain","psychoticism","f","[35,50)",0,36,35.7,47.6,0.0811,0
"bf","domain","psychoticism","f","[35,50)",0.2,41.2,37.6,52.9,0.1907,0
"bf","domain","psychoticism","f","[35,50)",0.4,45.7,39.2,56.1,0.3334,0
"bf","domain","psychoticism","f","[35,50)",0.6,49.5,41.2,58.8,0.4802,0
"bf","domain","psychoticism","f","[35,50)",0.8,52.9,43.2,61.4,0.6154,0
"bf","domain","psychoticism","f","[35,50)",1,56.1,45.4,63.7,0.7301,0
"bf","domain","psychoticism","f","[35,50)",1.2,59.3,47.6,66,0.8231,0
"bf","domain","psychoticism","f","[35,50)",1.4,62.3,49.8,68.1,0.8901,0
"bf","domain","psychoticism","f","[35,50)",1.6,65.1,51.9,70.1,0.9348,0
"bf","domain","psychoticism","f","[35,50)",1.8,67.9,54.1,72.2,0.9631,0
"bf","domain","psychoticism","f","[35,50)",2,70.3,56.3,74,0.9789,0
"bf","domain","psychoticism","f","[35,50)",2.2,72.8,58.7,75.9,0.9888,0
"bf","domain","psychoticism","f","[35,50)",2.4,75.2,61.3,77.8,0.9941,0
"bf","domain","psychoticism","f","[35,50)",2.6,77.2,64.3,79.5,0.9967,1
"bf","domain","psychoticism","f","[35,50)",2.8,78.8,67.5,81,0.998,1
"bf","domain","psychoticism","f","[35,50)",3,87.2,72.4,84.1,1,1
"bf","domain","psychoticism","f","[50,65)",0,35.8,35.6,47.9,0.0783,0
"bf","domain","psychoticism","f","[50,65)",0.2,41.3,37.5,53.4,0.1914,0
"bf","domain","psychoticism","f","[50,65)",0.4,45.8,39.1,56.7,0.3389,0
"bf","domain","psychoticism","f","[50,65)",0.6,49.8,41.2,59.5,0.4935,0
"bf","domain","psychoticism","f","[50,65)",0.8,53.5,43.3,62.1,0.6362,0
"bf","domain","psychoticism","f","[50,65)",1,56.9,45.5,64.6,0.7553,0
"bf","domain","psychoticism","f","[50,65)",1.2,60.2,47.7,66.9,0.8462,0
"bf","domain","psychoticism","f","[50,65)",1.4,63.3,49.9,69.2,0.9089,0
"bf","domain","psychoticism","f","[50,65)",1.6,66.4,52.1,71.4,0.9493,0
"bf","domain","psychoticism","f","[50,65)",1.8,69.3,54.4,73.5,0.9732,0
"bf","domain","psychoticism","f","[50,65)",2,72,56.7,75.6,0.9862,0
"bf","domain","psychoticism","f","[50,65)",2.2,74.8,59.1,77.7,0.9935,0
"bf","domain","psychoticism","f","[50,65)",2.4,77.2,61.8,79.9,0.9968,1
"bf","domain","psychoticism","f","[50,65)",2.6,80.3,64.8,81.8,0.9988,1
"bf","domain","psychoticism","f","[50,65)",2.8,87.2,68.2,83.8,1,1
"bf","domain","psychoticism","f","[50,65)",3,87.2,72.9,86.7,1,1
"bf","domain","psychoticism","f","[65,Inf)",0,33.7,33.3,47.6,0.0515,0
"bf","domain","psychoticism","f","[65,Inf)",0.2,39.4,35.7,53.2,0.1454,0
"bf","domain","psychoticism","f","[65,Inf)",0.4,44.4,37.6,56.6,0.2877,0
"bf","domain","psychoticism","f","[65,Inf)",0.6,48.9,39.8,59.6,0.4548,0
"bf","domain","psychoticism","f","[65,Inf)",0.8,53,42,62.3,0.6164,0
"bf","domain","psychoticism","f","[65,Inf)",1,56.8,44.3,64.9,0.752,0
"bf","domain","psychoticism","f","[65,Inf)",1.2,60.4,46.6,67.4,0.852,0
"bf","domain","psychoticism","f","[65,Inf)",1.4,63.9,48.9,69.8,0.9182,0
"bf","domain","psychoticism","f","[65,Inf)",1.6,67.2,51.2,72.1,0.9575,0
"bf","domain","psychoticism","f","[65,Inf)",1.8,70.3,53.6,74.3,0.979,0
"bf","domain","psychoticism","f","[65,Inf)",2,73.5,56,76.5,0.9905,0
"bf","domain","psychoticism","f","[65,Inf)",2.2,76.6,58.5,78.8,0.996,1
"bf","domain","psychoticism","f","[65,Inf)",2.4,79.5,61.4,81.2,0.9984,1
"bf","domain","psychoticism","f","[65,Inf)",2.6,87.2,64.5,83.4,1,1
"bf","domain","psychoticism","f","[65,Inf)",2.8,87.2,68.2,85.9,1,1
"bf","domain","psychoticism","f","[65,Inf)",3,87.2,73.2,87,1,1
"bf","domain","psychoticism","m","[18,35)",0,32.8,32.3,45,0.0423,0
"bf","domain","psychoticism","m","[18,35)",0.2,37.8,34.5,50.3,0.1104,0
"bf","domain","psychoticism","m","[18,35)",0.4,42,36.3,53.5,0.2115,0
"bf","domain","psychoticism","m","[18,35)",0.6,45.8,38.4,56.2,0.3383,0
"bf","domain","psychoticism","m","[18,35)",0.8,49.4,40.5,58.7,0.476,0
"bf","domain","psychoticism","m","[18,35)",1,52.7,42.6,60.9,0.6054,0
"bf","domain","psychoticism","m","[18,35)",1.2,55.9,44.8,63.1,0.7236,0
"bf","domain","psychoticism","m","[18,35)",1.4,58.9,47,65.1,0.814,0
"bf","domain","psychoticism","m","[18,35)",1.6,61.7,49.2,67.1,0.879,0
"bf","domain","psychoticism","m","[18,35)",1.8,64.4,51.4,68.9,0.9251,0
"bf","domain","psychoticism","m","[18,35)",2,66.8,53.7,70.7,0.9533,0
"bf","domain","psychoticism","m","[18,35)",2.2,69.2,56.2,72.4,0.9727,0
"bf","domain","psychoticism","m","[18,35)",2.4,71.1,58.9,74,0.9826,0
"bf","domain","psychoticism","m","[18,35)",2.6,73.3,61.8,75.3,0.9901,0
"bf","domain","psychoticism","m","[18,35)",2.8,75.7,64.8,76.5,0.995,0
"bf","domain","psychoticism","m","[18,35)",3,76.8,69.7,78.6,0.9964,1
"bf","domain","psychoticism","m","[35,50)",0,35.6,35.3,46.8,0.0743,0
"bf","domain","psychoticism","m","[35,50)",0.2,40.6,37.1,52.2,0.1744,0
"bf","domain","psychoticism","m","[35,50)",0.4,44.9,38.7,55.3,0.3035,0
"bf","domain","psychoticism","m","[35,50)",0.6,48.5,40.7,58.1,0.4399,0
"bf","domain","psychoticism","m","[35,50)",0.8,51.9,42.7,60.6,0.5741,0
"bf","domain","psychoticism","m","[35,50)",1,55.1,44.8,63,0.6949,0
"bf","domain","psychoticism","m","[35,50)",1.2,58.2,46.9,65.3,0.7948,0
"bf","domain","psychoticism","m","[35,50)",1.4,61.2,49.1,67.5,0.8684,0
"bf","domain","psychoticism","m","[35,50)",1.6,64.2,51.2,69.6,0.9221,0
"bf","domain","psychoticism","m","[35,50)",1.8,67,53.3,71.7,0.9558,0
"bf","domain","psychoticism","m","[35,50)",2,69.8,55.6,73.7,0.9764,0
"bf","domain","psychoticism","m","[35,50)",2.2,72.5,57.9,75.9,0.9878,0
"bf","domain","psychoticism","m","[35,50)",2.4,74.9,60.5,77.7,0.9935,0
"bf","domain","psychoticism","m","[35,50)",2.6,78.5,63.4,79.8,0.9978,1
"bf","domain","psychoticism","m","[35,50)",2.8,87.2,66.6,81.8,1,1
"bf","domain","psychoticism","m","[35,50)",3,87.2,71.3,85.2,1,1
"bf","domain","psychoticism","m","[50,65)",0,35.9,35.6,47.8,0.0796,0
"bf","domain","psychoticism","m","[50,65)",0.2,41.2,37.5,53.3,0.1895,0
"bf","domain","psychoticism","m","[50,65)",0.4,45.8,39.2,56.6,0.3362,0
"bf","domain","psychoticism","m","[50,65)",0.6,49.7,41.2,59.4,0.4887,0
"bf","domain","psychoticism","m","[50,65)",0.8,53.3,43.3,62,0.63,0
"bf","domain","psychoticism","m","[50,65)",1,56.7,45.5,64.4,0.7495,0
"bf","domain","psychoticism","m","[50,65)",1.2,60,47.6,66.7,0.8403,0
"bf","domain","psychoticism","m","[50,65)",1.4,63,49.9,68.9,0.9033,0
"bf","domain","psychoticism","m","[50,65)",1.6,65.9,52.1,71.1,0.9446,0
"bf","domain","psychoticism","m","[50,65)",1.8,68.9,54.3,73.2,0.9704,0
"bf","domain","psychoticism","m","[50,65)",2,71.7,56.7,75.3,0.985,0
"bf","domain","psychoticism","m","[50,65)",2.2,74.3,59.1,77.3,0.9925,0
"bf","domain","psychoticism","m","[50,65)",2.4,76.7,61.8,79.5,0.9962,1
"bf","domain","psychoticism","m","[50,65)",2.6,80.2,64.7,81.4,0.9987,1
"bf","domain","psychoticism","m","[50,65)",2.8,87.2,68,83.6,1,1
"bf","domain","psychoticism","m","[50,65)",3,87.2,72.6,86.7,1,1
"bf","domain","psychoticism","m","[65,Inf)",0,34,33.4,46.5,0.0552,0
"bf","domain","psychoticism","m","[65,Inf)",0.2,39.2,35.7,52,0.1406,0
"bf","domain","psychoticism","m","[65,Inf)",0.4,43.7,37.5,55.4,0.2639,0
"bf","domain","psychoticism","m","[65,Inf)",0.6,47.7,39.6,58.2,0.4106,0
"bf","domain","psychoticism","m","[65,Inf)",0.8,51.5,41.7,60.9,0.5584,0
"bf","domain","psychoticism","m","[65,Inf)",1,55,43.9,63.4,0.6927,0
"bf","domain","psychoticism","m","[65,Inf)",1.2,58.5,46.1,65.7,0.8011,0
"bf","domain","psychoticism","m","[65,Inf)",1.4,61.8,48.3,68,0.88,0
"bf","domain","psychoticism","m","[65,Inf)",1.6,64.9,50.6,70.2,0.9315,0
"bf","domain","psychoticism","m","[65,Inf)",1.8,67.9,52.8,72.5,0.9633,0
"bf","domain","psychoticism","m","[65,Inf)",2,70.8,55.2,74.6,0.9813,0
"bf","domain","psychoticism","m","[65,Inf)",2.2,73.6,57.6,76.7,0.9909,0
"bf","domain","psychoticism","m","[65,Inf)",2.4,76.4,60.4,78.8,0.9959,1
"bf","domain","psychoticism","m","[65,Inf)",2.6,80,63.4,80.8,0.9986,1
"bf","domain","psychoticism","m","[65,Inf)",2.8,87.2,66.8,83,1,1
"bf","domain","psychoticism","m","[65,Inf)",3,87.2,71.6,86.4,1,1
"bf","total","total","all","all",0,26.7,26.8,33.4,0.0099,0
"bf","total","total","all","all",0.04,28.8,27,36.7,0.0169,0
"bf","total","total","all","all",0.08,30.6,27.9,38.6,0.0263,0
"bf","total","total","all","all",0.12,32.3,29.1,40.3,0.0388,0
"bf","total","total","all","all",0.16,33.9,30.2,41.7,0.054,0
"bf","total","total","all","all",0.2,35.4,31.3,43.2,0.0726,0
"bf","total","total","all","all",0.24,36.8,32.3,44.4,0.0941,0
"bf","total","total","all","all",0.28,38.2,33.4,45.7,0.1195,0
"bf","total","total","all","all",0.32,39.5,34.4,46.9,0.1474,0
"bf","total","total","all","all",0.36,40.8,35.5,48.1,0.1791,0
"bf","total","total","all","all",0.4,42.1,36.5,49.2,0.2134,0
"bf","total","total","all","all",0.44,43.2,37.5,50.2,0.2496,0
"bf","total","total","all","all",0.48,44.4,38.5,51.2,0.2885,0
"bf","total","total","all","all",0.52,45.6,39.5,52.3,0.3288,0
"bf","total","total","all","all",0.56,46.7,40.4,53.3,0.3699,0
"bf","total","total","all","all",0.6,47.8,41.4,54.3,0.4119,0
"bf","total","total","all","all",0.64,48.8,42.4,55.3,0.4533,0
"bf","total","total","all","all",0.68,49.9,43.3,56.4,0.4952,0
"bf","total","total","all","all",0.72,50.9,44.3,57.4,0.536,0
"bf","total","total","all","all",0.76,51.9,45.2,58.4,0.5763,0
"bf","total","total","all","all",0.8,52.9,46.1,59.4,0.6158,0
"bf","total","total","all","all",0.84,54,47,60.4,0.6543,0
"bf","total","total","all","all",0.88,55,47.9,61.4,0.6917,0
"bf","total","total","all","all",0.92,56,48.9,62.4,0.7272,0
"bf","total","total","all","all",0.96,57.1,49.7,63.3,0.7611,0
"bf","total","total","all","all",1,58.2,50.5,64.2,0.7928,0
"bf","total","total","all","all",1.04,59.2,51.4,65.2,0.8219,0
"bf","total","total","all","all",1.08,60.3,52.2,65.9,0.8487,0
"bf","total","total","all","all",1.12,61.4,53,66.9,0.872,0
"bf","total","total","all","all",1.16,62.4,53.9,67.7,0.8925,0
"bf","total","total","all","all",1.2,63.4,54.8,68.5,0.9104,0
"bf","total","total","all","all",1.24,64.4,55.7,69.3,0.9257,0
"bf","total","total","all","all",1.28,65.4,56.6,70.1,0.9387,0
"bf","total","total","all","all",1.32,66.4,57.5,70.9,0.9492,0
"bf","total","total","all","all",1.36,67.3,58.4,71.6,0.9585,0
"bf","total","total","all","all",1.4,68.2,59.2,72.4,0.9659,0
"bf","total","total","all","all",1.44,69.2,60.2,73.1,0.9723,0
"bf","total","total","all","all",1.48,70,61.1,73.8,0.9774,0
"bf","total","total","all","all",1.52,70.9,62.1,74.5,0.9816,0
"bf","total","total","all","all",1.56,71.7,63,75.2,0.985,0
"bf","total","total","all","all",1.6,72.5,63.9,75.8,0.9877,0
"bf","total","total","all","all",1.64,73.3,64.7,76.5,0.99,0
"bf","total","total","all","all",1.68,74,65.7,77.2,0.9919,0
"bf","total","total","all","all",1.72,74.7,66.6,77.8,0.9933,0
"bf","total","total","all","all",1.76,75.5,67.4,78.5,0.9946,0
"bf","total","total","all","all",1.8,76.2,68.4,79.2,0.9956,1
"bf","total","total","all","all",1.84,77,69.1,79.8,0.9965,1
"bf","total","total","all","all",1.88,77.6,70,80.4,0.9971,1
"bf","total","total","all","all",1.92,78.3,70.9,81.1,0.9977,1
"bf","total","total","all","all",1.96,79,71.6,81.8,0.9981,1
"bf","total","total","all","all",2,79.6,72.4,82.7,0.9985,1
"bf","total","total","all","all",2.04,80.4,73.2,83.5,0.9988,1
"bf","total","total","all","all",2.08,81.1,74.1,84.3,0.9991,1
"bf","total","total","all","all",2.12,82,74.8,85.2,0.9993,1
"bf","total","total","all","all",2.16,82.4,75.6,86.2,0.9994,1
"bf","total","total","all","all",2.2,83.3,76.3,86.9,0.9996,1
"bf","total","total","all","all",2.24,83.8,77.1,87.2,0.9996,1
"bf","total","total","all","all",2.28,87.2,77.8,87.2,1,1
"bf","total","total","all","all",2.32,87.2,78.6,87.2,1,1
"bf","total","total","all","all",2.36,87.2,79.3,87.2,1,1
"bf","total","total","all","all",2.4,87.2,80,87.2,1,1
"bf","total","total","all","all",2.44,87.2,80.8,87.2,1,1
"bf","total","total","all","all",2.48,87.2,81.5,87.2,1,1
"bf","total","total","all","all",2.52,87.2,82.4,87.2,1,1
"bf","total","total","all","all",2.56,87.2,83.2,87.2,1,1
"bf","total","total","all","all",2.6,87.2,83.9,87.2,1,1
"bf","total","total","all","all",2.64,87.2,84.9,87.2,1,1
"bf","total","total","all","all",2.68,87.2,85.8,87.2,1,1
"bf","total","total","all","all",2.72,87.2,86.6,87.2,1,1
"bf","total","total","all","all",2.76,87.2,87.1,87.2,1,1
"bf","total","total","all","all",2.8,87.2,87.2,87.2,1,1
"bf","total","total","all","all",2.84,87.2,87.2,87.2,1,1
"bf","total","total","all","all",2.88,87.2,87.2,87.2,1,1
"bf","total","total","all","all",2.92,87.2,87.2,87.2,1,1
"bf","total","total","all","all",2.96,87.2,87.2,87.2,1,1
"bf","total","total","all","all",3,87.2,87.2,87.2,1,1
"bf","total","total","f","[18,35)",0,25.2,24.6,31.7,0.0066,0
"bf","total","total","f","[18,35)",0.04,27.4,25.4,34.7,0.012,0
"bf","total","total","f","[18,35)",0.08,28.9,26.4,36.7,0.0174,0
"bf","total","total","f","[18,35)",0.12,30.6,27.5,38.3,0.0261,0
"bf","total","total","f","[18,35)",0.16,32,28.6,39.8,0.0359,0
"bf","total","total","f","[18,35)",0.2,33.3,29.6,41,0.0479,0
"bf","total","total","f","[18,35)",0.24,34.7,30.7,42.2,0.063,0
"bf","total","total","f","[18,35)",0.28,36.1,31.7,43.5,0.0816,0
"bf","total","total","f","[18,35)",0.32,37.3,32.6,44.5,0.1022,0
"bf","total","total","f","[18,35)",0.36,38.6,33.5,45.6,0.1274,0
"bf","total","total","f","[18,35)",0.4,39.8,34.5,46.6,0.1546,0
"bf","total","total","f","[18,35)",0.44,41,35.5,47.5,0.184,0
"bf","total","total","f","[18,35)",0.48,42.2,36.4,48.5,0.2165,0
"bf","total","total","f","[18,35)",0.52,43.2,37.4,49.4,0.2488,0
"bf","total","total","f","[18,35)",0.56,44.2,38.3,50.3,0.2821,0
"bf","total","total","f","[18,35)",0.6,45.2,39.3,51.3,0.3149,0
"bf","total","total","f","[18,35)",0.64,46.2,40.3,52.1,0.3506,0
"bf","total","total","f","[18,35)",0.68,47.1,41.3,53.1,0.3854,0
"bf","total","total","f","[18,35)",0.72,48,42.1,54,0.4203,0
"bf","total","total","f","[18,35)",0.76,48.9,43.1,54.9,0.4557,0
"bf","total","total","f","[18,35)",0.8,49.8,43.9,55.9,0.4913,0
"bf","total","total","f","[18,35)",0.84,50.7,44.8,57,0.5267,0
"bf","total","total","f","[18,35)",0.88,51.6,45.6,58,0.5618,0
"bf","total","total","f","[18,35)",0.92,52.4,46.4,58.9,0.5966,0
"bf","total","total","f","[18,35)",0.96,53.4,47.2,59.9,0.6336,0
"bf","total","total","f","[18,35)",1,54.3,48,60.9,0.6677,0
"bf","total","total","f","[18,35)",1.04,55.3,48.8,61.9,0.7026,0
"bf","total","total","f","[18,35)",1.08,56.4,49.5,62.8,0.7383,0
"bf","total","total","f","[18,35)",1.12,57.4,50.2,63.7,0.7718,0
"bf","total","total","f","[18,35)",1.16,58.5,51.1,64.7,0.8028,0
"bf","total","total","f","[18,35)",1.2,59.5,51.8,65.5,0.8302,0
"bf","total","total","f","[18,35)",1.24,60.6,52.5,66.3,0.8562,0
"bf","total","total","f","[18,35)",1.28,61.7,53.3,67.1,0.8792,0
"bf","total","total","f","[18,35)",1.32,62.8,54.2,67.9,0.8998,0
"bf","total","total","f","[18,35)",1.36,63.8,55,68.5,0.9166,0
"bf","total","total","f","[18,35)",1.4,64.9,55.9,69.2,0.9313,0
"bf","total","total","f","[18,35)",1.44,65.7,56.7,70,0.9423,0
"bf","total","total","f","[18,35)",1.48,66.7,57.7,70.6,0.9521,0
"bf","total","total","f","[18,35)",1.52,67.5,58.6,71.3,0.9597,0
"bf","total","total","f","[18,35)",1.56,68.3,59.5,71.9,0.9662,0
"bf","total","total","f","[18,35)",1.6,69.1,60.4,72.6,0.9716,0
"bf","total","total","f","[18,35)",1.64,69.8,61.4,73.3,0.976,0
"bf","total","total","f","[18,35)",1.68,70.8,62.3,74.1,0.9815,0
"bf","total","total","f","[18,35)",1.72,71.3,63.2,74.9,0.9836,0
"bf","total","total","f","[18,35)",1.76,71.6,64.2,75.7,0.9847,0
"bf","total","total","f","[18,35)",1.8,72.6,65.1,76.5,0.988,0
"bf","total","total","f","[18,35)",1.84,73.3,66.1,77.4,0.9902,0
"bf","total","total","f","[18,35)",1.88,74.8,66.9,78.2,0.9934,0
"bf","total","total","f","[18,35)",1.92,74.8,67.7,79.1,0.9934,0
"bf","total","total","f","[18,35)",1.96,77.2,68.6,80,0.9967,1
"bf","total","total","f","[18,35)",2,77.2,69.3,81,0.9967,1
"bf","total","total","f","[18,35)",2.04,77.2,70.1,82.1,0.9967,1
"bf","total","total","f","[18,35)",2.08,77.2,70.8,83.2,0.9967,1
"bf","total","total","f","[18,35)",2.12,87.2,71.5,84.1,1,1
"bf","total","total","f","[18,35)",2.16,87.2,72.2,85.9,1,1
"bf","total","total","f","[18,35)",2.2,87.2,73,87.2,1,1
"bf","total","total","f","[18,35)",2.24,87.2,73.8,87.2,1,1
"bf","total","total","f","[18,35)",2.28,87.2,74.6,87.2,1,1
"bf","total","total","f","[18,35)",2.32,87.2,75.4,87.2,1,1
"bf","total","total","f","[18,35)",2.36,87.2,76.1,87.2,1,1
"bf","total","total","f","[18,35)",2.4,87.2,77,87.2,1,1
"bf","total","total","f","[18,35)",2.44,87.2,77.9,87.2,1,1
"bf","total","total","f","[18,35)",2.48,87.2,78.8,87.2,1,1
"bf","total","total","f","[18,35)",2.52,87.2,79.6,87.2,1,1
"bf","total","total","f","[18,35)",2.56,87.2,80.5,87.2,1,1
"bf","total","total","f","[18,35)",2.6,87.2,81.5,87.2,1,1
"bf","total","total","f","[18,35)",2.64,87.2,82.2,87.2,1,1
"bf","total","total","f","[18,35)",2.68,87.2,83.1,87.2,1,1
"bf","total","total","f","[18,35)",2.72,87.2,84.1,87.2,1,1
"bf","total","total","f","[18,35)",2.76,87.2,84.7,87.2,1,1
"bf","total","total","f","[18,35)",2.8,87.2,87.2,87.2,1,1
"bf","total","total","f","[18,35)",2.84,87.2,87.2,87.2,1,1
"bf","total","total","f","[18,35)",2.88,87.2,87.2,87.2,1,1
"bf","total","total","f","[18,35)",2.92,87.2,87.2,87.2,1,1
"bf","total","total","f","[18,35)",2.96,87.2,87.2,87.2,1,1
"bf","total","total","f","[18,35)",3,87.2,87.2,87.2,1,1
"bf","total","total","f","[35,50)",0,29,28.7,34.6,0.0177,0
"bf","total","total","f","[35,50)",0.04,30.8,29.1,37.7,0.0276,0
"bf","total","total","f","[35,50)",0.08,32.5,29.8,39.6,0.0401,0
"bf","total","total","f","[35,50)",0.12,34,30.9,41.2,0.0553,0
"bf","total","total","f","[35,50)",0.16,35.5,31.9,42.6,0.0735,0
"bf","total","total","f","[35,50)",0.2,36.9,32.9,43.9,0.095,0
"bf","total","total","f","[35,50)",0.24,38.2,33.8,45.1,0.1189,0
"bf","total","total","f","[35,50)",0.28,39.5,34.8,46.2,0.1459,0
"bf","total","total","f","[35,50)",0.32,40.6,35.8,47.3,0.1748,0
"bf","total","total","f","[35,50)",0.36,41.8,36.8,48.4,0.2065,0
"bf","total","total","f","[35,50)",0.4,43,37.7,49.4,0.2406,0
"bf","total","total","f","[35,50)",0.44,44,38.7,50.6,0.2749,0
"bf","total","total","f","[35,50)",0.48,45.1,39.7,51.7,0.3111,0
"bf","total","total","f","[35,50)",0.52,46.1,40.6,52.7,0.3495,0
"bf","total","total","f","[35,50)",0.56,47.1,41.4,53.8,0.3865,0
"bf","total","total","f","[35,50)",0.6,48.2,42.4,54.7,0.4274,0
"bf","total","total","f","[35,50)",0.64,49.2,43.2,55.9,0.4663,0
"bf","total","total","f","[35,50)",0.68,50.2,44.1,56.9,0.5077,0
"bf","total","total","f","[35,50)",0.72,51.2,44.9,57.9,0.5491,0
"bf","total","total","f","[35,50)",0.76,52.3,45.8,59,0.5913,0
"bf","total","total","f","[35,50)",0.8,53.4,46.7,60,0.6313,0
"bf","total","total","f","[35,50)",0.84,54.4,47.5,61,0.6709,0
"bf","total","total","f","[35,50)",0.88,55.5,48.3,61.8,0.7085,0
"bf","total","total","f","[35,50)",0.92,56.6,49.1,63,0.7454,0
"bf","total","total","f","[35,50)",0.96,57.7,50,63.9,0.78,0
"bf","total","total","f","[35,50)",1,58.8,50.8,64.8,0.8105,0
"bf","total","total","f","[35,50)",1.04,59.9,51.7,65.7,0.8388,0
"bf","total","total","f","[35,50)",1.08,60.9,52.5,66.5,0.8631,0
"bf","total","total","f","[35,50)",1.12,62,53.5,67.3,0.8853,0
"bf","total","total","f","[35,50)",1.16,63,54.3,68.2,0.9039,0
"bf","total","total","f","[35,50)",1.2,64.1,55.2,69,0.9209,0
"bf","total","total","f","[35,50)",1.24,65.1,56.1,69.7,0.9341,0
"bf","total","total","f","[35,50)",1.28,66.1,57,70.5,0.9463,0
"bf","total","total","f","[35,50)",1.32,67,58,71.2,0.9551,0
"bf","total","total","f","[35,50)",1.36,67.9,58.8,71.9,0.9631,0
"bf","total","total","f","[35,50)",1.4,68.7,59.8,72.7,0.9694,0
"bf","total","total","f","[35,50)",1.44,69.5,60.8,73.4,0.9743,0
"bf","total","total","f","[35,50)",1.48,70.3,61.7,74.2,0.9789,0
"bf","total","total","f","[35,50)",1.52,71.2,62.6,75,0.9829,0
"bf","total","total","f","[35,50)",1.56,72,63.6,75.7,0.9861,0
"bf","total","total","f","[35,50)",1.6,72.6,64.5,76.5,0.9881,0
"bf","total","total","f","[35,50)",1.64,73.3,65.4,77.4,0.9901,0
"bf","total","total","f","[35,50)",1.68,74.1,66.3,78.3,0.9921,0
"bf","total","total","f","[35,50)",1.72,75.2,67.1,79.4,0.9941,0
"bf","total","total","f","[35,50)",1.76,76.6,68,80.3,0.996,1
"bf","total","total","f","[35,50)",1.8,76.6,68.8,81.3,0.996,1
"bf","total","total","f","[35,50)",1.84,78.8,69.6,82.4,0.998,1
"bf","total","total","f","[35,50)",1.88,78.8,70.4,83.6,0.998,1
"bf","total","total","f","[35,50)",1.92,78.8,71.2,85.3,0.998,1
"bf","total","total","f","[35,50)",1.96,87.2,72,85.5,1,1
"bf","total","total","f","[35,50)",2,87.2,72.7,86.9,1,1
"bf","total","total","f","[35,50)",2.04,87.2,73.6,87.2,1,1
"bf","total","total","f","[35,50)",2.08,87.2,74.3,87.2,1,1
"bf","total","total","f","[35,50)",2.12,87.2,75.1,87.2,1,1
"bf","total","total","f","[35,50)",2.16,87.2,75.9,87.2,1,1
"bf","total","total","f","[35,50)",2.2,87.2,76.8,87.2,1,1
"bf","total","total","f","[35,50)",2.24,87.2,77.7,87.2,1,1
"bf","total","total","f","[35,50)",2.28,87.2,78.6,87.2,1,1
"bf","total","total","f","[35,50)",2.32,87.2,79.5,87.2,1,1
"bf","total","total","f","[35,50)",2.36,87.2,80.3,87.2,1,1
"bf","total","total","f","[35,50)",2.4,87.2,81.4,87.2,1,1
"bf","total","total","f","[35,50)",2.44,87.2,82.4,87.2,1,1
"bf","total","total","f","[35,50)",2.48,87.2,83.6,87.2,1,1
"bf","total","total","f","[35,50)",2.52,87.2,84.6,87.2,1,1
"bf","total","total","f","[35,50)",2.56,87.2,85.5,87.2,1,1
"bf","total","total","f","[35,50)",2.6,87.2,85.5,87.2,1,1
"bf","total","total","f","[35,50)",2.64,87.2,86.9,87.2,1,1
"bf","total","total","f","[35,50)",2.68,87.2,87.2,87.2,1,1
"bf","total","total","f","[35,50)",2.72,87.2,87.2,87.2,1,1
"bf","total","total","f","[35,50)",2.76,87.2,87.2,87.2,1,1
"bf","total","total","f","[35,50)",2.8,87.2,87.2,87.2,1,1
"bf","total","total","f","[35,50)",2.84,87.2,87.2,87.2,1,1
"bf","total","total","f","[35,50)",2.88,87.2,87.2,87.2,1,1
"bf","total","total","f","[35,50)",2.92,87.2,87.2,87.2,1,1
"bf","total","total","f","[35,50)",2.96,87.2,87.2,87.2,1,1
"bf","total","total","f","[35,50)",3,87.2,87.2,87.2,1,1
"bf","total","total","f","[50,65)",0,28,27.7,34.6,0.0137,0
"bf","total","total","f","[50,65)",0.04,30.1,28.1,37.8,0.0231,0
"bf","total","total","f","[50,65)",0.08,32,29.1,39.8,0.0359,0
"bf","total","total","f","[50,65)",0.12,33.7,30.3,41.5,0.052,0
"bf","total","total","f","[50,65)",0.16,35.3,31.5,43,0.0714,0
"bf","total","total","f","[50,65)",0.2,36.8,32.5,44.4,0.0935,0
"bf","total","total","f","[50,65)",0.24,38.2,33.6,45.7,0.1189,0
"bf","total","total","f","[50,65)",0.28,39.6,34.6,47,0.1481,0
"bf","total","total","f","[50,65)",0.32,40.8,35.7,48.3,0.1799,0
"bf","total","total","f","[50,65)",0.36,42.1,36.8,49.5,0.2159,0
"bf","total","total","f","[50,65)",0.4,43.4,37.7,50.6,0.2533,0
"bf","total","total","f","[50,65)",0.44,44.5,38.8,51.7,0.2927,0
"bf","total","total","f","[50,65)",0.48,45.7,39.8,52.9,0.3353,0
"bf","total","total","f","[50,65)",0.52,47,40.7,54,0.3804,0
"bf","total","total","f","[50,65)",0.56,48.1,41.7,55,0.4242,0
"bf","total","total","f","[50,65)",0.6,49.2,42.7,56.3,0.4697,0
"bf","total","total","f","[50,65)",0.64,50.4,43.6,57.3,0.5146,0
"bf","total","total","f","[50,65)",0.68,51.5,44.5,58.3,0.5588,0
"bf","total","total","f","[50,65)",0.72,52.6,45.5,59.4,0.6012,0
"bf","total","total","f","[50,65)",0.76,53.7,46.4,60.5,0.6439,0
"bf","total","total","f","[50,65)",0.8,54.8,47.4,61.6,0.685,0
"bf","total","total","f","[50,65)",0.84,56,48.3,62.6,0.7241,0
"bf","total","total","f","[50,65)",0.88,57.1,49.1,63.6,0.7612,0
"bf","total","total","f","[50,65)",0.92,58.2,50.1,64.6,0.7944,0
"bf","total","total","f","[50,65)",0.96,59.4,51,65.5,0.8264,0
"bf","total","total","f","[50,65)",1,60.6,51.9,66.5,0.8545,0
"bf","total","total","f","[50,65)",1.04,61.7,52.8,67.4,0.8787,0
"bf","total","total","f","[50,65)",1.08,62.8,53.8,68.3,0.8995,0
"bf","total","total","f","[50,65)",1.12,63.9,54.7,69.2,0.9173,0
"bf","total","total","f","[50,65)",1.16,65,55.7,70.1,0.9328,0
"bf","total","total","f","[50,65)",1.2,66,56.5,71.2,0.9449,0
"bf","total","total","f","[50,65)",1.24,67,57.5,72.1,0.9554,0
"bf","total","total","f","[50,65)",1.28,68.1,58.5,72.9,0.9648,0
"bf","total","total","f","[50,65)",1.32,69.1,59.5,73.7,0.9717,0
"bf","total","total","f","[50,65)",1.36,70.1,60.4,74.8,0.9777,0
"bf","total","total","f","[50,65)",1.4,71.1,61.4,75.8,0.9826,0
"bf","total","total","f","[50,65)",1.44,72.1,62.3,76.7,0.9866,0
"bf","total","total","f","[50,65)",1.48,73.2,63.3,77.6,0.9898,0
"bf","total","total","f","[50,65)",1.52,74,64.2,78.6,0.9919,0
"bf","total","total","f","[50,65)",1.56,75.3,65.2,79.6,0.9943,0
"bf","total","total","f","[50,65)",1.6,76.1,66.1,80.7,0.9955,1
"bf","total","total","f","[50,65)",1.64,77.2,67.1,81.8,0.9968,1
"bf","total","total","f","[50,65)",1.68,78.1,67.9,83.2,0.9976,1
"bf","total","total","f","[50,65)",1.72,80.3,68.9,84.6,0.9988,1
"bf","total","total","f","[50,65)",1.76,80.3,69.9,85.9,0.9988,1
"bf","total","total","f","[50,65)",1.8,87.2,70.7,86.7,1,1
"bf","total","total","f","[50,65)",1.84,87.2,71.7,87.2,1,1
"bf","total","total","f","[50,65)",1.88,87.2,72.5,87.2,1,1
"bf","total","total","f","[50,65)",1.92,87.2,73.5,87.2,1,1
"bf","total","total","f","[50,65)",1.96,87.2,74.3,87.2,1,1
"bf","total","total","f","[50,65)",2,87.2,75.4,87.2,1,1
"bf","total","total","f","[50,65)",2.04,87.2,76.3,87.2,1,1
"bf","total","total","f","[50,65)",2.08,87.2,77.3,87.2,1,1
"bf","total","total","f","[50,65)",2.12,87.2,78.3,87.2,1,1
"bf","total","total","f","[50,65)",2.16,87.2,79.2,87.2,1,1
"bf","total","total","f","[50,65)",2.2,87.2,80.4,87.2,1,1
"bf","total","total","f","[50,65)",2.24,87.2,81.5,87.2,1,1
"bf","total","total","f","[50,65)",2.28,87.2,82.6,87.2,1,1
"bf","total","total","f","[50,65)",2.32,87.2,83.6,87.2,1,1
"bf","total","total","f","[50,65)",2.36,87.2,84.8,87.2,1,1
"bf","total","total","f","[50,65)",2.4,87.2,85.6,87.2,1,1
"bf","total","total","f","[50,65)",2.44,87.2,86.7,87.2,1,1
"bf","total","total","f","[50,65)",2.48,87.2,86.8,87.2,1,1
"bf","total","total","f","[50,65)",2.52,87.2,87.2,87.2,1,1
"bf","total","total","f","[50,65)",2.56,87.2,87.2,87.2,1,1
"bf","total","total","f","[50,65)",2.6,87.2,87.2,87.2,1,1
"bf","total","total","f","[50,65)",2.64,87.2,87.2,87.2,1,1
"bf","total","total","f","[50,65)",2.68,87.2,87.2,87.2,1,1
"bf","total","total","f","[50,65)",2.72,87.2,87.2,87.2,1,1
"bf","total","total","f","[50,65)",2.76,87.2,87.2,87.2,1,1
"bf","total","total","f","[50,65)",2.8,87.2,87.2,87.2,1,1
"bf","total","total","f","[50,65)",2.84,87.2,87.2,87.2,1,1
"bf","total","total","f","[50,65)",2.88,87.2,87.2,87.2,1,1
"bf","total","total","f","[50,65)",2.92,87.2,87.2,87.2,1,1
"bf","total","total","f","[50,65)",2.96,87.2,87.2,87.2,1,1
"bf","total","total","f","[50,65)",3,87.2,87.2,87.2,1,1
"bf","total","total","f","[65,Inf)",0,24.8,24.5,33.2,0.0059,0
"bf","total","total","f","[65,Inf)",0.04,27.2,25.2,36.7,0.0113,0
"bf","total","total","f","[65,Inf)",0.08,29.2,26.5,38.9,0.0188,0
"bf","total","total","f","[65,Inf)",0.12,31.2,27.8,40.6,0.03,0
"bf","total","total","f","[65,Inf)",0.16,33.1,29,42.2,0.0456,0
"bf","total","total","f","[65,Inf)",0.2,34.9,30.1,43.8,0.0651,0
"bf","total","total","f","[65,Inf)",0.24,36.5,31.4,45.2,0.089,0
"bf","total","total","f","[65,Inf)",0.28,38.2,32.5,46.6,0.1181,0
"bf","total","total","f","[65,Inf)",0.32,39.7,33.8,48,0.1512,0
"bf","total","total","f","[65,Inf)",0.36,41.1,35,49.4,0.1876,0
"bf","total","total","f","[65,Inf)",0.4,42.5,36.1,50.6,0.2258,0
"bf","total","total","f","[65,Inf)",0.44,43.8,37.4,51.9,0.2687,0
"bf","total","total","f","[65,Inf)",0.48,45.1,38.6,53.1,0.3125,0
"bf","total","total","f","[65,Inf)",0.52,46.4,39.6,54.3,0.3605,0
"bf","total","total","f","[65,Inf)",0.56,47.7,40.7,55.6,0.4103,0
"bf","total","total","f","[65,Inf)",0.6,49,41.7,56.7,0.4617,0
"bf","total","total","f","[65,Inf)",0.64,50.3,42.8,57.7,0.5121,0
"bf","total","total","f","[65,Inf)",0.68,51.6,43.8,59,0.5625,0
"bf","total","total","f","[65,Inf)",0.72,52.9,44.8,60,0.6122,0
"bf","total","total","f","[65,Inf)",0.76,54.1,45.8,61.1,0.6596,0
"bf","total","total","f","[65,Inf)",0.8,55.3,46.8,62.2,0.7029,0
"bf","total","total","f","[65,Inf)",0.84,56.5,47.8,63.2,0.7436,0
"bf","total","total","f","[65,Inf)",0.88,57.8,48.9,64.3,0.7815,0
"bf","total","total","f","[65,Inf)",0.92,58.9,50,65.4,0.8146,0
"bf","total","total","f","[65,Inf)",0.96,60.2,51,66.3,0.8453,0
"bf","total","total","f","[65,Inf)",1,61.3,52,67.4,0.8718,0
"bf","total","total","f","[65,Inf)",1.04,62.5,53,68.4,0.8941,0
"bf","total","total","f","[65,Inf)",1.08,63.6,54,69.3,0.9134,0
"bf","total","total","f","[65,Inf)",1.12,64.8,55,70.3,0.9299,0
"bf","total","total","f","[65,Inf)",1.16,65.9,56,71.4,0.9435,0
"bf","total","total","f","[65,Inf)",1.2,67,57,72.6,0.9553,0
"bf","total","total","f","[65,Inf)",1.24,68.1,58,73.6,0.9648,0
"bf","total","total","f","[65,Inf)",1.28,69.2,59,74.6,0.9728,0
"bf","total","total","f","[65,Inf)",1.32,70.4,60,75.6,0.9791,0
"bf","total","total","f","[65,Inf)",1.36,71.5,61,76.7,0.9841,0
"bf","total","total","f","[65,Inf)",1.4,72.8,62,77.7,0.9886,0
"bf","total","total","f","[65,Inf)",1.44,73.7,62.9,78.8,0.9912,0
"bf","total","total","f","[65,Inf)",1.48,75.2,64,79.9,0.9941,0
"bf","total","total","f","[65,Inf)",1.52,75.9,65.1,80.9,0.9952,1
"bf","total","total","f","[65,Inf)",1.56,79.5,65.9,82,0.9984,1
"bf","total","total","f","[65,Inf)",1.6,79.5,66.8,83.1,0.9984,1
"bf","total","total","f","[65,Inf)",1.64,79.5,67.9,84.4,0.9984,1
"bf","total","total","f","[65,Inf)",1.68,87.2,68.7,86,1,1
"bf","total","total","f","[65,Inf)",1.72,87.2,69.8,86.8,1,1
"bf","total","total","f","[65,Inf)",1.76,87.2,70.8,87.2,1,1
"bf","total","total","f","[65,Inf)",1.8,87.2,71.8,87.2,1,1
"bf","total","total","f","[65,Inf)",1.84,87.2,72.8,87.2,1,1
"bf","total","total","f","[65,Inf)",1.88,87.2,73.7,87.2,1,1
"bf","total","total","f","[65,Inf)",1.92,87.2,74.7,87.2,1,1
"bf","total","total","f","[65,Inf)",1.96,87.2,75.8,87.2,1,1
"bf","total","total","f","[65,Inf)",2,87.2,76.8,87.2,1,1
"bf","total","total","f","[65,Inf)",2.04,87.2,77.9,87.2,1,1
"bf","total","total","f","[65,Inf)",2.08,87.2,78.9,87.2,1,1
"bf","total","total","f","[65,Inf)",2.12,87.2,80,87.2,1,1
"bf","total","total","f","[65,Inf)",2.16,87.2,80.9,87.2,1,1
"bf","total","total","f","[65,Inf)",2.2,87.2,81.9,87.2,1,1
"bf","total","total","f","[65,Inf)",2.24,87.2,82.7,87.2,1,1
"bf","total","total","f","[65,Inf)",2.28,87.2,83.7,87.2,1,1
"bf","total","total","f","[65,Inf)",2.32,87.2,85.4,87.2,1,1
"bf","total","total","f","[65,Inf)",2.36,87.2,86,87.2,1,1
"bf","total","total","f","[65,Inf)",2.4,87.2,86.6,87.2,1,1
"bf","total","total","f","[65,Inf)",2.44,87.2,87.2,87.2,1,1
"bf","total","total","f","[65,Inf)",2.48,87.2,87.2,87.2,1,1
"bf","total","total","f","[65,Inf)",2.52,87.2,87.2,87.2,1,1
"bf","total","total","f","[65,Inf)",2.56,87.2,87.2,87.2,1,1
"bf","total","total","f","[65,Inf)",2.6,87.2,87.2,87.2,1,1
"bf","total","total","f","[65,Inf)",2.64,87.2,87.2,87.2,1,1
"bf","total","total","f","[65,Inf)",2.68,87.2,87.2,87.2,1,1
"bf","total","total","f","[65,Inf)",2.72,87.2,87.2,87.2,1,1
"bf","total","total","f","[65,Inf)",2.76,87.2,87.2,87.2,1,1
"bf","total","total","f","[65,Inf)",2.8,87.2,87.2,87.2,1,1
"bf","total","total","f","[65,Inf)",2.84,87.2,87.2,87.2,1,1
"bf","total","total","f","[65,Inf)",2.88,87.2,87.2,87.2,1,1
"bf","total","total","f","[65,Inf)",2.92,87.2,87.2,87.2,1,1
"bf","total","total","f","[65,Inf)",2.96,87.2,87.2,87.2,1,1
"bf","total","total","f","[65,Inf)",3,87.2,87.2,87.2,1,1
"bf","total","total","m","[18,35)",0,23.2,23.2,31.6,0.0036,1
"bf","total","total","m","[18,35)",0.04,26.1,24.3,34.7,0.0084,0
"bf","total","total","m","[18,35)",0.08,28.2,25.5,36.6,0.0146,0
"bf","total","total","m","[18,35)",0.12,30.1,26.8,38.3,0.0233,0
"bf","total","total","m","[18,35)",0.16,31.7,27.8,39.8,0.034,0
"bf","total","total","m","[18,35)",0.2,33.3,29,41.1,0.0473,0
"bf","total","total","m","[18,35)",0.24,34.7,30.1,42.4,0.0631,0
"bf","total","total","m","[18,35)",0.28,36,31.2,43.7,0.0802,0
"bf","total","total","m","[18,35)",0.32,37.2,32.3,44.9,0.1009,0
"bf","total","total","m","[18,35)",0.36,38.6,33.4,46,0.1265,0
"bf","total","total","m","[18,35)",0.4,39.8,34.4,47,0.1543,0
"bf","total","total","m","[18,35)",0.44,41.1,35.4,48,0.1858,0
"bf","total","total","m","[18,35)",0.48,42.2,36.4,49,0.2177,0
"bf","total","total","m","[18,35)",0.52,43.4,37.4,49.9,0.2551,0
"bf","total","total","m","[18,35)",0.56,44.5,38.3,50.9,0.2916,0
"bf","total","total","m","[18,35)",0.6,45.6,39.3,51.9,0.3292,0
"bf","total","total","m","[18,35)",0.64,46.6,40.3,52.8,0.3657,0
"bf","total","total","m","[18,35)",0.68,47.5,41.3,53.9,0.4013,0
"bf","total","total","m","[18,35)",0.72,48.4,42.2,55,0.4381,0
"bf","total","total","m","[18,35)",0.76,49.4,43.2,56,0.4751,0
"bf","total","total","m","[18,35)",0.8,50.3,44.2,57.1,0.5112,0
"bf","total","total","m","[18,35)",0.84,51.2,45.1,58.2,0.5487,0
"bf","total","total","m","[18,35)",0.88,52.2,45.9,59.1,0.5883,0
"bf","total","total","m","[18,35)",0.92,53.3,46.8,60.1,0.6305,0
"bf","total","total","m","[18,35)",0.96,54.4,47.5,60.9,0.6706,0
"bf","total","total","m","[18,35)",1,55.6,48.3,61.8,0.7106,0
"bf","total","total","m","[18,35)",1.04,56.6,49.1,62.5,0.7465,0
"bf","total","total","m","[18,35)",1.08,57.8,49.9,63.3,0.782,0
"bf","total","total","m","[18,35)",1.12,58.8,50.7,64,0.8117,0
"bf","total","total","m","[18,35)",1.16,59.9,51.4,64.7,0.8397,0
"bf","total","total","m","[18,35)",1.2,60.9,52.3,65.3,0.8617,0
"bf","total","total","m","[18,35)",1.24,61.8,53.2,66,0.8801,0
"bf","total","total","m","[18,35)",1.28,62.6,54,66.6,0.897,0
"bf","total","total","m","[18,35)",1.32,63.4,55,67.1,0.9106,0
"bf","total","total","m","[18,35)",1.36,64.2,55.9,67.7,0.9225,0
"bf","total","total","m","[18,35)",1.4,64.9,56.9,68.3,0.9323,0
"bf","total","total","m","[18,35)",1.44,65.6,57.9,68.9,0.941,0
"bf","total","total","m","[18,35)",1.48,66.3,58.8,69.4,0.9483,0
"bf","total","total","m","[18,35)",1.52,66.9,59.8,70.1,0.9543,0
"bf","total","total","m","[18,35)",1.56,67.6,60.7,70.7,0.9606,0
"bf","total","total","m","[18,35)",1.6,68.2,61.5,71.3,0.9653,0
"bf","total","total","m","[18,35)",1.64,68.7,62.3,71.8,0.9693,0
"bf","total","total","m","[18,35)",1.68,69.3,63.1,72.4,0.9735,0
"bf","total","total","m","[18,35)",1.72,70.1,63.9,72.9,0.9776,0
"bf","total","total","m","[18,35)",1.76,70.6,64.6,73.5,0.9803,0
"bf","total","total","m","[18,35)",1.8,71.1,65.3,74.2,0.9826,0
"bf","total","total","m","[18,35)",1.84,71.8,66,74.7,0.9853,0
"bf","total","total","m","[18,35)",1.88,72.5,66.7,75.5,0.9877,0
"bf","total","total","m","[18,35)",1.92,72.5,67.4,76.3,0.9877,0
"bf","total","total","m","[18,35)",1.96,73.8,68,77.1,0.9913,0
"bf","total","total","m","[18,35)",2,73.8,68.6,77.9,0.9913,0
"bf","total","total","m","[18,35)",2.04,74.1,69.2,78.9,0.992,0
"bf","total","total","m","[18,35)",2.08,75.7,69.9,80,0.995,0
"bf","total","total","m","[18,35)",2.12,75.7,70.6,80.9,0.995,0
"bf","total","total","m","[18,35)",2.16,76.8,71.2,82.4,0.9964,1
"bf","total","total","m","[18,35)",2.2,76.8,71.8,82.9,0.9964,1
"bf","total","total","m","[18,35)",2.24,87.2,72.4,84.2,1,1
"bf","total","total","m","[18,35)",2.28,87.2,73,87.2,1,1
"bf","total","total","m","[18,35)",2.32,87.2,73.6,87.2,1,1
"bf","total","total","m","[18,35)",2.36,87.2,74.2,87.2,1,1
"bf","total","total","m","[18,35)",2.4,87.2,74.8,87.2,1,1
"bf","total","total","m","[18,35)",2.44,87.2,75.6,87.2,1,1
"bf","total","total","m","[18,35)",2.48,87.2,76.5,87.2,1,1
"bf","total","total","m","[18,35)",2.52,87.2,77.3,87.2,1,1
"bf","total","total","m","[18,35)",2.56,87.2,77.9,87.2,1,1
"bf","total","total","m","[18,35)",2.6,87.2,78.8,87.2,1,1
"bf","total","total","m","[18,35)",2.64,87.2,80,87.2,1,1
"bf","total","total","m","[18,35)",2.68,87.2,80.9,87.2,1,1
"bf","total","total","m","[18,35)",2.72,87.2,81.8,87.2,1,1
"bf","total","total","m","[18,35)",2.76,87.2,82.9,87.2,1,1
"bf","total","total","m","[18,35)",2.8,87.2,83,87.2,1,1
"bf","total","total","m","[18,35)",2.84,87.2,83.8,87.2,1,1
"bf","total","total","m","[18,35)",2.88,87.2,83.8,87.2,1,1
"bf","total","total","m","[18,35)",2.92,87.2,87.1,87.2,1,1
"bf","total","total","m","[18,35)",2.96,87.2,87.2,87.2,1,1
"bf","total","total","m","[18,35)",3,87.2,87.2,87.2,1,1
"bf","total","total","m","[35,50)",0,26.7,26.4,33.4,0.01,0
"bf","total","total","m","[35,50)",0.04,28.8,27,36.3,0.0171,0
"bf","total","total","m","[35,50)",0.08,30.5,27.9,38.3,0.0257,0
"bf","total","total","m","[35,50)",0.12,32.2,29,39.9,0.0379,0
"bf","total","total","m","[35,50)",0.16,33.8,30.1,41.4,0.0529,0
"bf","total","total","m","[35,50)",0.2,35.3,31.2,42.7,0.0707,0
"bf","total","total","m","[35,50)",0.24,36.7,32.2,43.9,0.0915,0
"bf","total","total","m","[35,50)",0.28,37.9,33.4,45.2,0.1136,0
"bf","total","total","m","[35,50)",0.32,39.2,34.3,46.3,0.1407,0
"bf","total","total","m","[35,50)",0.36,40.5,35.3,47.3,0.1701,0
"bf","total","total","m","[35,50)",0.4,41.6,36.2,48.4,0.2005,0
"bf","total","total","m","[35,50)",0.44,42.7,37.3,49.4,0.2329,0
"bf","total","total","m","[35,50)",0.48,43.8,38.2,50.4,0.2681,0
"bf","total","total","m","[35,50)",0.52,44.9,39.2,51.4,0.3052,0
"bf","total","total","m","[35,50)",0.56,46,40.1,52.4,0.3432,0
"bf","total","total","m","[35,50)",0.6,47,41,53.4,0.3824,0
"bf","total","total","m","[35,50)",0.64,48,41.9,54.4,0.421,0
"bf","total","total","m","[35,50)",0.68,49,42.9,55.3,0.461,0
"bf","total","total","m","[35,50)",0.72,50,43.7,56.3,0.4996,0
"bf","total","total","m","[35,50)",0.76,51,44.6,57.3,0.5407,0
"bf","total","total","m","[35,50)",0.8,52,45.5,58.2,0.5788,0
"bf","total","total","m","[35,50)",0.84,53,46.3,59.2,0.6163,0
"bf","total","total","m","[35,50)",0.88,53.9,47.2,60.2,0.6533,0
"bf","total","total","m","[35,50)",0.92,54.9,48.1,61.1,0.6877,0
"bf","total","total","m","[35,50)",0.96,55.9,48.9,62.1,0.7225,0
"bf","total","total","m","[35,50)",1,56.9,49.7,63.1,0.7555,0
"bf","total","total","m","[35,50)",1.04,57.9,50.5,64,0.7862,0
"bf","total","total","m","[35,50)",1.08,59,51.4,65,0.8147,0
"bf","total","total","m","[35,50)",1.12,60,52.2,65.8,0.8419,0
"bf","total","total","m","[35,50)",1.16,61.1,53,66.8,0.8654,0
"bf","total","total","m","[35,50)",1.2,62.1,53.9,67.7,0.8863,0
"bf","total","total","m","[35,50)",1.24,63.1,54.7,68.6,0.9056,0
"bf","total","total","m","[35,50)",1.28,64.1,55.5,69.5,0.9213,0
"bf","total","total","m","[35,50)",1.32,65.1,56.4,70.5,0.9349,0
"bf","total","total","m","[35,50)",1.36,66.2,57.3,71.4,0.947,0
"bf","total","total","m","[35,50)",1.4,67.2,58.2,72.4,0.9574,0
"bf","total","total","m","[35,50)",1.44,68.2,59.1,73.3,0.9657,0
"bf","total","total","m","[35,50)",1.48,69.2,60,74.3,0.9728,0
"bf","total","total","m","[35,50)",1.52,70.3,60.9,75.2,0.9789,0
"bf","total","total","m","[35,50)",1.56,71.3,61.8,76.3,0.9835,0
"bf","total","total","m","[35,50)",1.6,72.3,62.7,77.3,0.9871,0
"bf","total","total","m","[35,50)",1.64,73.3,63.6,78.5,0.99,0
"bf","total","total","m","[35,50)",1.68,74.9,64.6,79.6,0.9935,0
"bf","total","total","m","[35,50)",1.72,75.8,65.4,80.9,0.995,1
"bf","total","total","m","[35,50)",1.76,76.3,66.4,82.2,0.9957,1
"bf","total","total","m","[35,50)",1.8,78.5,67.3,83.4,0.9978,1
"bf","total","total","m","[35,50)",1.84,78.5,68.2,84.9,0.9978,1
"bf","total","total","m","[35,50)",1.88,87.2,69.1,86,1,1
"bf","total","total","m","[35,50)",1.92,87.2,70.1,87.2,1,1
"bf","total","total","m","[35,50)",1.96,87.2,71,87.2,1,1
"bf","total","total","m","[35,50)",2,87.2,71.9,87.2,1,1
"bf","total","total","m","[35,50)",2.04,87.2,72.8,87.2,1,1
"bf","total","total","m","[35,50)",2.08,87.2,73.9,87.2,1,1
"bf","total","total","m","[35,50)",2.12,87.2,74.9,87.2,1,1
"bf","total","total","m","[35,50)",2.16,87.2,75.9,87.2,1,1
"bf","total","total","m","[35,50)",2.2,87.2,77,87.2,1,1
"bf","total","total","m","[35,50)",2.24,87.2,78.2,87.2,1,1
"bf","total","total","m","[35,50)",2.28,87.2,79.4,87.2,1,1
"bf","total","total","m","[35,50)",2.32,87.2,80.6,87.2,1,1
"bf","total","total","m","[35,50)",2.36,87.2,81.8,87.2,1,1
"bf","total","total","m","[35,50)",2.4,87.2,82.7,87.2,1,1
"bf","total","total","m","[35,50)",2.44,87.2,83.8,87.2,1,1
"bf","total","total","m","[35,50)",2.48,87.2,85.3,87.2,1,1
"bf","total","total","m","[35,50)",2.52,87.2,85.3,87.2,1,1
"bf","total","total","m","[35,50)",2.56,87.2,86.7,87.2,1,1
"bf","total","total","m","[35,50)",2.6,87.2,87.2,87.2,1,1
"bf","total","total","m","[35,50)",2.64,87.2,87.2,87.2,1,1
"bf","total","total","m","[35,50)",2.68,87.2,87.2,87.2,1,1
"bf","total","total","m","[35,50)",2.72,87.2,87.2,87.2,1,1
"bf","total","total","m","[35,50)",2.76,87.2,87.2,87.2,1,1
"bf","total","total","m","[35,50)",2.8,87.2,87.2,87.2,1,1
"bf","total","total","m","[35,50)",2.84,87.2,87.2,87.2,1,1
"bf","total","total","m","[35,50)",2.88,87.2,87.2,87.2,1,1
"bf","total","total","m","[35,50)",2.92,87.2,87.2,87.2,1,1
"bf","total","total","m","[35,50)",2.96,87.2,87.2,87.2,1,1
"bf","total","total","m","[35,50)",3,87.2,87.2,87.2,1,1
"bf","total","total","m","[50,65)",0,26.8,26.8,34.1,0.01,0
"bf","total","total","m","[50,65)",0.04,29.1,27.2,37.4,0.0183,0
"bf","total","total","m","[50,65)",0.08,31.1,28.2,39.4,0.0291,0
"bf","total","total","m","[50,65)",0.12,33,29.4,41.2,0.0441,0
"bf","total","total","m","[50,65)",0.16,34.6,30.5,42.7,0.0621,0
"bf","total","total","m","[50,65)",0.2,36.2,31.8,44.2,0.0841,0
"bf","total","total","m","[50,65)",0.24,37.7,32.9,45.5,0.1086,0
"bf","total","total","m","[50,65)",0.28,39.1,34,46.8,0.1374,0
"bf","total","total","m","[50,65)",0.32,40.4,35.1,48.1,0.1695,0
"bf","total","total","m","[50,65)",0.36,41.8,36.1,49.3,0.2057,0
"bf","total","total","m","[50,65)",0.4,43.1,37.2,50.3,0.2456,0
"bf","total","total","m","[50,65)",0.44,44.4,38.2,51.3,0.2882,0
"bf","total","total","m","[50,65)",0.48,45.6,39.3,52.3,0.3313,0
"bf","total","total","m","[50,65)",0.52,46.8,40.3,53.3,0.3761,0
"bf","total","total","m","[50,65)",0.56,48,41.3,54.3,0.42,0
"bf","total","total","m","[50,65)",0.6,49.1,42.3,55.3,0.4637,0
"bf","total","total","m","[50,65)",0.64,50.1,43.3,56.2,0.5058,0
"bf","total","total","m","[50,65)",0.68,51.2,44.3,57.2,0.5467,0
"bf","total","total","m","[50,65)",0.72,52.1,45.3,58.3,0.5849,0
"bf","total","total","m","[50,65)",0.76,53.1,46.3,59.3,0.6221,0
"bf","total","total","m","[50,65)",0.8,54.1,47.2,60.4,0.6579,0
"bf","total","total","m","[50,65)",0.84,55.1,48.1,61.4,0.6942,0
"bf","total","total","m","[50,65)",0.88,56.1,49.1,62.4,0.7281,0
"bf","total","total","m","[50,65)",0.92,57.1,49.9,63.3,0.7609,0
"bf","total","total","m","[50,65)",0.96,58.1,50.9,64.2,0.7924,0
"bf","total","total","m","[50,65)",1,59.2,51.7,65.2,0.8225,0
"bf","total","total","m","[50,65)",1.04,60.3,52.5,66.1,0.8482,0
"bf","total","total","m","[50,65)",1.08,61.4,53.3,67,0.8724,0
"bf","total","total","m","[50,65)",1.12,62.4,54.1,67.9,0.893,0
"bf","total","total","m","[50,65)",1.16,63.5,55,68.8,0.9112,0
"bf","total","total","m","[50,65)",1.2,64.5,55.8,69.8,0.9266,0
"bf","total","total","m","[50,65)",1.24,65.5,56.6,70.9,0.9395,0
"bf","total","total","m","[50,65)",1.28,66.5,57.5,71.8,0.9504,0
"bf","total","total","m","[50,65)",1.32,67.5,58.5,72.8,0.9595,0
"bf","total","total","m","[50,65)",1.36,68.5,59.3,73.9,0.9675,0
"bf","total","total","m","[50,65)",1.4,69.6,60.3,75,0.975,0
"bf","total","total","m","[50,65)",1.44,70.6,61.2,76.2,0.9804,0
"bf","total","total","m","[50,65)",1.48,71.8,62.1,77.2,0.9854,0
"bf","total","total","m","[50,65)",1.52,73,63,78.3,0.9891,0
"bf","total","total","m","[50,65)",1.56,74.1,64,79.4,0.9921,0
"bf","total","total","m","[50,65)",1.6,75.5,64.8,80.7,0.9946,0
"bf","total","total","m","[50,65)",1.64,76.7,65.7,82,0.9962,1
"bf","total","total","m","[50,65)",1.68,78.1,66.6,83.1,0.9975,1
"bf","total","total","m","[50,65)",1.72,78.7,67.5,84.7,0.9979,1
"bf","total","total","m","[50,65)",1.76,80.2,68.3,85.8,0.9987,1
"bf","total","total","m","[50,65)",1.8,81.5,69.3,86.7,0.9992,1
"bf","total","total","m","[50,65)",1.84,87.2,70.3,87.2,1,1
"bf","total","total","m","[50,65)",1.88,87.2,71.3,87.2,1,1
"bf","total","total","m","[50,65)",1.92,87.2,72.2,87.2,1,1
"bf","total","total","m","[50,65)",1.96,87.2,73.3,87.2,1,1
"bf","total","total","m","[50,65)",2,87.2,74.3,87.2,1,1
"bf","total","total","m","[50,65)",2.04,87.2,75.5,87.2,1,1
"bf","total","total","m","[50,65)",2.08,87.2,76.6,87.2,1,1
"bf","total","total","m","[50,65)",2.12,87.2,77.6,87.2,1,1
"bf","total","total","m","[50,65)",2.16,87.2,78.7,87.2,1,1
"bf","total","total","m","[50,65)",2.2,87.2,80,87.2,1,1
"bf","total","total","m","[50,65)",2.24,87.2,81.2,87.2,1,1
"bf","total","total","m","[50,65)",2.28,87.2,82.4,87.2,1,1
"bf","total","total","m","[50,65)",2.32,87.2,83.5,87.2,1,1
"bf","total","total","m","[50,65)",2.36,87.2,84.8,87.2,1,1
"bf","total","total","m","[50,65)",2.4,87.2,86,87.2,1,1
"bf","total","total","m","[50,65)",2.44,87.2,86.7,87.2,1,1
"bf","total","total","m","[50,65)",2.48,87.2,86.7,87.2,1,1
"bf","total","total","m","[50,65)",2.52,87.2,87.2,87.2,1,1
"bf","total","total","m","[50,65)",2.56,87.2,87.2,87.2,1,1
"bf","total","total","m","[50,65)",2.6,87.2,87.2,87.2,1,1
"bf","total","total","m","[50,65)",2.64,87.2,87.2,87.2,1,1
"bf","total","total","m","[50,65)",2.68,87.2,87.2,87.2,1,1
"bf","total","total","m","[50,65)",2.72,87.2,87.2,87.2,1,1
"bf","total","total","m","[50,65)",2.76,87.2,87.2,87.2,1,1
"bf","total","total","m","[50,65)",2.8,87.2,87.2,87.2,1,1
"bf","total","total","m","[50,65)",2.84,87.2,87.2,87.2,1,1
"bf","total","total","m","[50,65)",2.88,87.2,87.2,87.2,1,1
"bf","total","total","m","[50,65)",2.92,87.2,87.2,87.2,1,1
"bf","total","total","m","[50,65)",2.96,87.2,87.2,87.2,1,1
"bf","total","total","m","[50,65)",3,87.2,87.2,87.2,1,1
"bf","total","total","m","[65,Inf)",0,26.8,26.5,33.3,0.0101,0
"bf","total","total","m","[65,Inf)",0.04,28.8,27,36.6,0.0171,0
"bf","total","total","m","[65,Inf)",0.08,30.6,28,38.5,0.0264,0
"bf","total","total","m","[65,Inf)",0.12,32.3,29.2,40.2,0.0386,0
"bf","total","total","m","[65,Inf)",0.16,33.9,30.2,41.8,0.0535,0
"bf","total","total","m","[65,Inf)",0.2,35.3,31.3,43.1,0.0705,0
"bf","total","total","m","[65,Inf)",0.24,36.7,32.3,44.4,0.0924,0
"bf","total","total","m","[65,Inf)",0.28,38.1,33.4,45.6,0.1172,0
"bf","total","total","m","[65,Inf)",0.32,39.4,34.4,46.7,0.1455,0
"bf","total","total","m","[65,Inf)",0.36,40.7,35.4,47.9,0.1762,0
"bf","total","total","m","[65,Inf)",0.4,41.9,36.4,49,0.21,0
"bf","total","total","m","[65,Inf)",0.44,43.1,37.4,50.2,0.246,0
"bf","total","total","m","[65,Inf)",0.48,44.3,38.5,51.2,0.2835,0
"bf","total","total","m","[65,Inf)",0.52,45.4,39.5,52.2,0.3217,0
"bf","total","total","m","[65,Inf)",0.56,46.5,40.4,53.3,0.3628,0
"bf","total","total","m","[65,Inf)",0.6,47.6,41.5,54.5,0.4037,0
"bf","total","total","m","[65,Inf)",0.64,48.6,42.3,55.5,0.4451,0
"bf","total","total","m","[65,Inf)",0.68,49.7,43.3,56.7,0.4878,0
"bf","total","total","m","[65,Inf)",0.72,50.8,44.1,57.7,0.53,0
"bf","total","total","m","[65,Inf)",0.76,51.8,45.1,58.9,0.5713,0
"bf","total","total","m","[65,Inf)",0.8,52.9,46,60,0.6129,0
"bf","total","total","m","[65,Inf)",0.84,54,46.9,61.1,0.6546,0
"bf","total","total","m","[65,Inf)",0.88,55.1,47.8,62.3,0.6943,0
"bf","total","total","m","[65,Inf)",0.92,56.2,48.6,63.4,0.7334,0
"bf","total","total","m","[65,Inf)",0.96,57.4,49.5,64.4,0.7696,0
"bf","total","total","m","[65,Inf)",1,58.6,50.3,65.6,0.8044,0
"bf","total","total","m","[65,Inf)",1.04,59.8,51.2,66.6,0.8359,0
"bf","total","total","m","[65,Inf)",1.08,61,52.1,67.6,0.8653,0
"bf","total","total","m","[65,Inf)",1.12,62.3,53,68.6,0.8904,0
"bf","total","total","m","[65,Inf)",1.16,63.6,53.9,69.6,0.9123,0
"bf","total","total","m","[65,Inf)",1.2,64.8,54.8,70.7,0.9303,0
"bf","total","total","m","[65,Inf)",1.24,66,55.8,71.6,0.9454,0
"bf","total","total","m","[65,Inf)",1.28,67.2,56.7,72.4,0.9576,0
"bf","total","total","m","[65,Inf)",1.32,68.3,57.7,73.3,0.9666,0
"bf","total","total","m","[65,Inf)",1.36,69.5,58.6,74.2,0.9746,0
"bf","total","total","m","[65,Inf)",1.4,70.7,59.6,75,0.9806,0
"bf","total","total","m","[65,Inf)",1.44,71.7,60.7,75.8,0.9849,0
"bf","total","total","m","[65,Inf)",1.48,72.8,61.7,76.7,0.9886,0
"bf","total","total","m","[65,Inf)",1.52,73.8,62.8,77.6,0.9914,0
"bf","total","total","m","[65,Inf)",1.56,74.7,63.8,78.4,0.9932,0
"bf","total","total","m","[65,Inf)",1.6,75.8,64.8,79.3,0.995,1
"bf","total","total","m","[65,Inf)",1.64,76.8,65.9,80.3,0.9964,1
"bf","total","total","m","[65,Inf)",1.68,77.3,66.9,81.3,0.9968,1
"bf","total","total","m","[65,Inf)",1.72,78.4,68,82.4,0.9977,1
"bf","total","total","m","[65,Inf)",1.76,80,69,83.5,0.9986,1
"bf","total","total","m","[65,Inf)",1.8,80,70.1,84.7,0.9986,1
"bf","total","total","m","[65,Inf)",1.84,81.2,71.1,86.3,0.9991,1
"bf","total","total","m","[65,Inf)",1.88,87.2,72,86.8,1,1
"bf","total","total","m","[65,Inf)",1.92,87.2,72.9,87.2,1,1
"bf","total","total","m","[65,Inf)",1.96,87.2,73.9,87.2,1,1
"bf","total","total","m","[65,Inf)",2,87.2,74.7,87.2,1,1
"bf","total","total","m","[65,Inf)",2.04,87.2,75.7,87.2,1,1
"bf","total","total","m","[65,Inf)",2.08,87.2,76.6,87.2,1,1
"bf","total","total","m","[65,Inf)",2.12,87.2,77.5,87.2,1,1
"bf","total","total","m","[65,Inf)",2.16,87.2,78.4,87.2,1,1
"bf","total","total","m","[65,Inf)",2.2,87.2,79.2,87.2,1,1
"bf","total","total","m","[65,Inf)",2.24,87.2,80.2,87.2,1,1
"bf","total","total","m","[65,Inf)",2.28,87.2,81.3,87.2,1,1
"bf","total","total","m","[65,Inf)",2.32,87.2,82.5,87.2,1,1
"bf","total","total","m","[65,Inf)",2.36,87.2,83.5,87.2,1,1
"bf","total","total","m","[65,Inf)",2.4,87.2,84.6,87.2,1,1
"bf","total","total","m","[65,Inf)",2.44,87.2,85.5,87.2,1,1
"bf","total","total","m","[65,Inf)",2.48,87.2,86.4,87.2,1,1
"bf","total","total","m","[65,Inf)",2.52,87.2,86.5,87.2,1,1
"bf","total","total","m","[65,Inf)",2.56,87.2,87.2,87.2,1,1
"bf","total","total","m","[65,Inf)",2.6,87.2,87.2,87.2,1,1
"bf","total","total","m","[65,Inf)",2.64,87.2,87.2,87.2,1,1
"bf","total","total","m","[65,Inf)",2.68,87.2,87.2,87.2,1,1
"bf","total","total","m","[65,Inf)",2.72,87.2,87.2,87.2,1,1
"bf","total","total","m","[65,Inf)",2.76,87.2,87.2,87.2,1,1
"bf","total","total","m","[65,Inf)",2.8,87.2,87.2,87.2,1,1
"bf","total","total","m","[65,Inf)",2.84,87.2,87.2,87.2,1,1
"bf","total","total","m","[65,Inf)",2.88,87.2,87.2,87.2,1,1
"bf","total","total","m","[65,Inf)",2.92,87.2,87.2,87.2,1,1
"bf","total","total","m","[65,Inf)",2.96,87.2,87.2,87.2,1,1
"bf","total","total","m","[65,Inf)",3,87.2,87.2,87.2,1,1
